ID,TITRE,TYPE,SSTYPE,CATEGORIE,STYLE,EVENEMENT,THEME1,THEME2,THEME3,NUMAGREMENT,RAISONSOCIALE,ADRESSE1,ADRESSE2,ADRESSE3,CODEPOSTAL,COMMUNE,PAYS,TEL1,TEL2,FAX,EMAIL1,EMAIL2,WEB1,WEB2,GPSX,GPSY,SIRET,APE,RCS,DESCRIPTIF_TITRE_FRANCAIS,DESCRIPTIF_SSTITRE_FRANCAIS,DESCRIPTIF_CHAPEAU_FRANCAIS,DESCRIPTIF_ARTICLE_FRANCAIS,DESCRIPTIF_TITRE_ANGLAIS,DESCRIPTIF_SSTITRE_ANGLAIS,DESCRIPTIF_CHAPEAU_ANGLAIS,DESCRIPTIF_ARTICLE_ANGLAIS,DESCRIPTIF_TITRE_ALLEMAND,DESCRIPTIF_SSTITRE_ALLEMAND,DESCRIPTIF_CHAPEAU_ALLEMAND,DESCRIPTIF_ARTICLE_ALLEMAND,DESCRIPTIF_TITRE_ESPAGNOL,DESCRIPTIF_SSTITRE_ESPAGNOL,DESCRIPTIF_CHAPEAU_ESPAGNOL,DESCRIPTIF_ARTICLE_ESPAGNOL,DESCRIPTIF_TITRE_ITALIEN,DESCRIPTIF_SSTITRE_ITALIEN,DESCRIPTIF_CHAPEAU_ITALIEN,DESCRIPTIF_ARTICLE_ITALIEN,PHOTO1,PHOTO2,PHOTO3,CLASSEMENT,LABEL1,LABEL2,LABEL3,ANIMAUX,HANDICAPE,TOURISME_HANDICAP1,TOURISME_HANDICAP2,TOURISME_HANDICAP3,TOURISME_HANDICAP4,DATEDU1,DATEAU1,DATEDU2,DATEAU2,DATEDU3,DATEAU3,DATEDU4,DATEAU4,DATEDU5,DATEAU5,CONTACT1TYPE,CONTACT1CIVI,CONTACT1NOM,CONTACT1PRENOM,CONTACT1FONCTION,CONTACT1EMAIL,CONTACT1TEL,CONTACT1FAX,CONTACT2TYPE,CONTACT2CIVI,CONTACT2NOM,CONTACT2PRENOM,CONTACT2FONCTION,CONTACT2EMAIL,CONTACT2TEL,CONTACT2FAX,CHAINE1,CHAINE2,CHAINE3,CHAINE4,LANGUE1,LANGUE2,LANGUE3,LANGUE4,LANGUE5,MODE_PAIEMENT1,MODE_PAIEMENT2,MODE_PAIEMENT3,MODE_PAIEMENT4,MODE_PAIEMENT5,MODE_PAIEMENT6,MODE_PAIEMENT7,MODE_PAIEMENT8,MODE_PAIEMENT9,MODE_PAIEMENT10,EQUIPEMENT1,EQUIPEMENT2,EQUIPEMENT3,EQUIPEMENT4,EQUIPEMENT5,EQUIPEMENT6,EQUIPEMENT7,EQUIPEMENT8,EQUIPEMENT9,EQUIPEMENT10,EQUIPEMENT11,EQUIPEMENT12,EQUIPEMENT13,EQUIPEMENT14,EQUIPEMENT15,EQUIPEMENT16,EQUIPEMENT17,EQUIPEMENT18,EQUIPEMENT19,EQUIPEMENT20,SERVICE1,SERVICE2,SERVICE3,SERVICE4,SERVICE5,SERVICE6,SERVICE7,SERVICE8,SERVICE9,SERVICE10,SERVICE11,SERVICE12,SERVICE13,SERVICE14,SERVICE15,SERVICE16,SERVICE17,SERVICE18,SERVICE19,SERVICE20,ACTIVITE1,ACTIVITE2,ACTIVITE3,ACTIVITE4,ACTIVITE5,CONFORT1,CONFORT2,CONFORT3,CONFORT4,CONFORT5,GROUPES_ACCEPTES,GROUPE_MAX,GROUPE_MIN,NBRE_SALLE_REUNION,NBRE_PERSONNES_SALLE,SUPERFICIE_SALLE,TARIF1_LIBELLE,TARIF1_MIN,TARIF1_MAX,TARIF2_LIBELLE,TARIF2_MIN,TARIF2_MAX,TARIF3_LIBELLE,TARIF3_MIN,TARIF3_MAX,TARIF4_LIBELLE,TARIF4_MIN,TARIF4_MAX,TARIF5_LIBELLE,TARIF5_MIN,TARIF5_MAX,TARIF6_LIBELLE,TARIF6_MIN,TARIF6_MAX,TARIF7_LIBELLE,TARIF7_MIN,TARIF7_MAX,TARIF8_LIBELLE,TARIF8_MIN,TARIF8_MAX,TARIF9_LIBELLE,TARIF9_MIN,TARIF9_MAX,TARIF10_LIBELLE,TARIF10_MIN,TARIF10_MAX,TARIF11_LIBELLE,TARIF11_MIN,TARIF11_MAX,TARIF12_LIBELLE,TARIF12_MIN,TARIF12_MAX,TARIF13_LIBELLE,TARIF13_MIN,TARIF13_MAX,TARIF14_LIBELLE,TARIF14_MIN,TARIF14_MAX,TARIF15_LIBELLE,TARIF15_MIN,TARIF15_MAX,TARIF16_LIBELLE,TARIF16_MIN,TARIF16_MAX,TARIF17_LIBELLE,TARIF17_MIN,TARIF17_MAX,TARIF18_LIBELLE,TARIF18_MIN,TARIF18_MAX,TARIF19_LIBELLE,TARIF19_MIN,TARIF19_MAX,TARIF20_LIBELLE,TARIF20_MIN,TARIF20_MAX
COMCHA0080000946,Agence de voyages Actuel Voyages,Commerce:Service,,,,,,,,,,,,,8000,CHARLEVILLE MEZIERES,FRANCE,,,,,,,,49.77932,4.718441,,,,,,,,,,,,,,,,,,,,,,,,,,,,,,,,,,,,,,,,,,,,,,,,,,,,,,,,,,,,,,,,,,,français,,,,,,,,,,,,,,,,,,,,,,,,,,,,,,,,,,,,,,,,,,,,,,,,,,,,,,,,,,,,,,,,,,,,,,,,,,,,,,,,,,,,,,,,,,,,,,,,,,,,,,,,,,,,,,,,,,,,,,,,,,,,,,,,,,
COMCHA0080000554,Agence Postale Communale,Commerce:Service,,Banques et assurances,,,Banque,,,,,Place de la Mairie,,,8800,LAIFOUR,FRANCE,+33 (0)3 24 32 60 63,,,,,,,49.90192,4.69638,,,,,,,,,,,,,,,,,,,,,,,,,,,,,,,,,,,,,,,,,,,,,,,,,,,,,,,,,,,,,,,,,,,français,,,,,,,,,,,,,,,,,,,,,,,,,,,,,,,,,,,,,,,,,,,,,,,,,,,,,,,,,,,,,,,,,,,,,,,,,,,,,,,,,,,,,,,,,,,,,,,,,,,,,,,,,,,,,,,,,,,,,,,,,,,,,,,,,,
COMCHA0080000951,Ambiance beauté,Commerce:Service,,Commerces et services divers,,,Bien-être / Relaxation,,,,,II Avenue Roger Posty,,,8320,VIREUX MOLHAIN,FRANCE,06 76 01 81 07,,,coralie.maggio@laposte.net,,,,50.08725,4.724947,,,,Ambiance beauté,,Le bien-être à votre service avec ou sans RDV,"Ouvert mardi, mercredi, jeudi et vendredi 9h - 18h30 non stopSamedi 9h à 17h non stop",,,,,,,,,,,,,,,,,,,,,,,,,,,,,,,,,,,,,,,,,,,,,,,,,,,,,,,,,,,,français,,,,,,,,,,,,,,,,,,,,,,,,,,,,,,,,,,,,,,,,,,,,,,,,,,,,,,,,,,,,,,,,,,,,,,,,,,,,,,,,,,,,,,,,,,,,,,,,,,,,,,,,,,,,,,,,,,,,,,,,,,,,,,,,,,
COMCHA0080000891,Arden'Glaces Roland,Commerce:Service,,Artisan,,,Divers,,,,,9 avenue Saint Julien,,,8000,CHARLEVILLE MEZIERES,FRANCE,03 24 57 47 53,,,,,,,49.76115,4.712422,,,,Arden'Glaces Roland,,Adhérent à la marque collective  Ardennes de France ,"Fabrication artisanale de gaufres. Renommée et ancienneté du produit et de la société. Produit emblématique de Charleville-Mézières, réputé dans tout le département.",,,,,,,,,,,,,,,,,http://cnstlltn.com/master/84d13a95-1285-4af4-b0fc-3d2a6e5e068f/arden+glaces+roland.jpg,http://cnstlltn.com/master/74c582ea-9157-4a22-8c4d-1a7798a86630/logo+adf.jpg,,,,,,,,,,,,,,,,,,,,,,,,,,,,,,,,,,,,,,,,,,français,,,,,,,,,,,,,,,,,,,,,,,,,,,,,,,,,,,,,,,,,,,,,,,,,,,,,,,,,,,,,,,,,,,,,,,,,,,,,,,,,,,,,,,,,,,,,,,,,,,,,,,,,,,,,,,,,,,,,,,,,,,,,,,,,,
COMCHA0080000584,Banque CIC Est,Commerce:Service,,Banques et assurances,,,Banque,,,,,"9, rue Jean-Baptiste Clément",,,8120,BOGNY SUR MEUSE,FRANCE,+33 (0)3 24 32 13 56,,+33 (0)3 24 33 03 91,,,,,49.84687,4.754945,,,,,,,,,,,,,,,,,,,,,,,,,,,,,,,,,,,,,,,,,,,,,,,,,,,,,,,,,,,,,,,,,,,français,,,,,,,,,,,,,,,,,,,,,,,,,,,,,,,,,,,,,,,,,,,,,,,,,,,,,,,,,,,,,,,,,,,,,,,,,,,,,,,,,,,,,,,,,,,,,,,,,,,,,,,,,,,,,,,,,,,,,,,,,,,,,,,,,,
COMCHA0080000521,Banque CIC Est,Commerce:Service,,Banques et assurances,,,Banque,,,,,"1, place de l'Hôtel de Ville",,,8800,LES HAUTES RIVIERES,FRANCE,+33 (0)3 24 53 41 76,,,,,,,49.89852,4.86587,,,,,,,,,,,,,,,,,,,,,,,,,,,,,,,,,,,,,,,,,,,,,,,,,,,,,,,,,,,,,,,,,,,français,,,,,,,,,,,,,,,,,,,,,,,,,,,,,,,,,,,,,,,,,,,,,,,,,,,,,,,,,,,,,,,,,,,,,,,,,,,,,,,,,,,,,,,,,,,,,,,,,,,,,,,,,,,,,,,,,,,,,,,,,,,,,,,,,,
COMCHA0080000875,Ba'Rock Café,Commerce:Service,,Lieux de sortie,,,Bar,,,,,Place de la Gare,,,8200,SEDAN,FRANCE,03 10 43 25 96,,,,,,,49.69572,4.930176,,,,Ba'Rock Café,,,"Bar à thème, soirées concerts, soirées évènementielles !",,,,,,,,,,,,,,,,,http://cnstlltn.com/master/484ad841-f845-4bc0-ae5b-02abe7a118de/154808_449524735116067_412253530_n.jpg,http://cnstlltn.com/master/a8ed836b-29d6-43af-92ef-2561907f86d4/382346_449526135115927_1580385951_n.jpg,http://cnstlltn.com/master/33ca0b9b-b602-460f-8cda-6ea95b6c3569/426053_449525198449354_524649864_n.jpg,,,,,Animaux acceptés,,,,,,,,,,,,,,,,,,,,,,,,,,,,,,,,,,,,français,,,,,Espèces,,,,,,,,,,,,,,,,,,,,,,,,,,,,,,Bar,Espace jeux,,,,,,,,,,,,,,,,,,,,,,,,,,,,,,,,,,,,,,,,,,,,,,,,,,,,,,,,,,,,,,,,,,,,,,,,,,,,,,,,,,,,,,,,,,,,,,
COMCHA0080000847,Bibliothèque de La Besace (Bibliobus) ,Commerce:Service,,Equipements culturels,,,,,,,,,,,8450,LA BESACE,FRANCE,03 24 22 00 39,,,mairielabesace@mcom.fr,,,,49.55725,4.959877,,,,Bibliothèque de La Besace (Bibliobus) ,,Ouverte les jeudis de 17h30 à 18h30,,,,,,,,,,,,,,,,,,,,,,,,,,,,,,,,,,,,,,,,,,,,,,,,,,,,,,,,,,,,,français,,,,,,,,,,,,,,,,,,,,,,,,,,,,,,,,,,,,,,,,,,,,,,,,,,,,,,,,,,,,,,,,,,,,,,,,,,,,,,,,,,,,,,,,,,,,,,,,,,,,,,,,,,,,,,,,,,,,,,,,,,,,,,,,,,
COMCHA0080000850,Bibliothèque d'Hannogne Saint Martin,Commerce:Service,,Points multimédia,,,,,,,,Grand'rue,,,8160,HANNOGNE ST MARTIN,FRANCE,03 24 54 50 07,,,m.bibliothequevalleedelabar@orange.fr ,,,,49.67409,4.828895,,,,Bibliothèque d'Hannogne Saint Martin,,,Adhésion gratuite.Ouverture le mercredi de 15h00 à 18h00 et le vendredi de 17h30 à 19h00.,,,,,,,,,,,,,,,,,,,,,,,,,,,,,,,,,,,,,,,,,,,,,,,,,,,,,,,,,,,,français,,,,,,,,,,,,,,,,,,,,,,,,,,,,,,,,,,,,,,,,,,,,,,,,,,,,,,,,,,,,,,,,,,,,,,,,,,,,,,,,,,,,,,,,,,,,,,,,,,,,,,,,,,,,,,,,,,,,,,,,,,,,,,,,,,
COMCHA0080000846,Bibliothèque Municipale de Blagny ,Commerce:Service,,Equipements culturels,,,,,,,,Salles Perchy - rue de Perchy,,,8110,BLAGNY,FRANCE,03 24 55 03 16,,,bibliotheque_blagny@orange.fr,,http://http://blagny08.mairie.pagespro-orange.fr/accueil_divers_bibliotheque.htm,,49.62252,5.196609,,,,Bibliothèque Municipale de Blagny ,,"Ouvert le lundi de 16h à 18h, le Mercredi de 14h à 18h et le Samedi de 9h à 11h30.",,,,,,,,,,,,,,,,,,,,,,,,,,,,,,,,,,,,,,,,,,,,,,,,,,,,,,,,,,,,,français,,,,,,,,,,,,,,,,,,,,,,,,,,,,,,,,,,,,,,,,,,,,,,,,,,,,,,,,,,,,,,,,,,,,,,,,,,,,,,,,,,,,,,,,,,,,,,,,,,,,,,,,,,,,,,,,,,,,,,,,,,,,,,,,,,
COMCHA0080000894,Biscuiterie LATOUR,Commerce:Service,,,,,,,,,,Route de Philippeville,,,8600,GIVET,FRANCE,03 24 40 81 00,,,biscuiterielatour@aliceadsl.fr,,,,50.14516,4.839093,,,,Biscuiterie LATOUR,,Adhérent à la marque collective  Ardennes de France .,"Gaufres pur beurre, gaufres au chocolat, petit quatre heures. Des produits naturels sans conservateur et entièrement fabriqués dans les Ardennes.",,,,,,,,,,,,,,,,,http://cnstlltn.com/master/a28af579-55a4-4db2-9901-b10aff262706/biscuiterie+latour.jpg,http://cnstlltn.com/master/04ba8e19-fe75-44cd-80f9-14b5e5df0d26/logo+adf.jpg,,,,,,,,,,,,,,,,,,,,,,,,,,,,,,,,,,,,,,,,,,français,,,,,,,,,,,,,,,,,,,,,,,,,,,,,,,,,,,,,,,,,,,,,,,,,,,,,,,,,,,,,,,,,,,,,,,,,,,,,,,,,,,,,,,,,,,,,,,,,,,,,,,,,,,,,,,,,,,,,,,,,,,,,,,,,,
COMCHA0080000886,Boucherie Turenne,Commerce:Service,,Artisan,,,Boucherie,,,,,7 place Crussy,,,8200,SEDAN,FRANCE,03 24 29 01 90,,,,,,,49.69975,4.946978,,,,Boucherie Turenne,,Adhérent à la marque collective  Ardennes de France .,"Fromage de tête, Terrine Rimbaud.",,,,,,,,,,,,,,,,,http://cnstlltn.com/master/1ed077f0-1b92-47e9-98ce-f8ba779fbee4/logo+adf.jpg,,,,,,,,,,,,,,,,,,,,,,,,,,,,,,,,,,,,,,,,,,,français,,,,,,,,,,,,,,,,,,,,,,,,,,,,,,,,,,,,,,,,,,,,,,,,,,,,,,,,,,,,,,,,,,,,,,,,,,,,,,,,,,,,,,,,,,,,,,,,,,,,,,,,,,,,,,,,,,,,,,,,,,,,,,,,,,
COMCHA0080000883,Boulangerie Pâtisserie  La Belle Epoque ,Commerce:Service,,Artisan,,,Boulangerie,,,,,15 Rue de la Naux,,,8800,THILAY,FRANCE,03 24 32 80 13,,,,,,,49.8724,4.807636,,,,Boulangerie Pâtisserie  La Belle Epoque ,,Adhérent à la marque collective  Ardennes de France ,"Pain Corpia, baguette sarment de vigne, pain pavé d'Ardenne, galette au sucre et baguette paysanne.",,,,,,,,,,,,,,,,,http://cnstlltn.com/master/a0e0c78c-e882-49cf-8aad-c99de4ac6472/illsutration+page+meunerie.jpeg,http://cnstlltn.com/master/1faa8710-2c6b-46a5-a6d3-1ae218293e25/logo+adf.jpg,,,,,,,,,,,,,,,,,,,,,,,,,,,,,,,,,,,,,,,,,,français,,,,,,,,,,,,,,,,,,,,,,,,,,,,,,,,,,,,,,,,,,,,,,,,,,,,,,,,,,,,,,,,,,,,,,,,,,,,,,,,,,,,,,,,,,,,,,,,,,,,,,,,,,,,,,,,,,,,,,,,,,,,,,,,,,
COMCHA0080000906,Boulangerie Pâtisserie Chocolat Pistache,Commerce:Service,,Artisan,,,Boulangerie,,,,,38 avenue Jean Jaurès,,,8000,VILLERS SEMEUSE,FRANCE,03 24 37 73 08,,,,,,,49.73912,4.752602,,,,Boulangerie Pâtisserie Chocolat Pistache,,Adhérente à la marque collective  Ardennes de France .,"Spécialités sucrées ardennaises : pain pavé d'ardenne (pain original à forte teneur en seigle), carolo, tarte à suc', sanglier en chocolat, gâteau mollet",,,,,,,,,,,,,,,,,http://cnstlltn.com/master/8ccbe19f-1ffa-4cd0-87e4-54df7908eb0d/p3310595.jpg,http://cnstlltn.com/master/10c2af23-cec0-4d71-b262-8244d1f0767f/logo+adf.jpg,,,,,,,,,,,,,,,,,,,,,,,,,,,,,,,,,,,,,,,,,,français,,,,,,,,,,,,,,,,,,,,,,,,,,,,,,,,,,,,,,,,,,,,,,,,,,,,,,,,,,,,,,,,,,,,,,,,,,,,,,,,,,,,,,,,,,,,,,,,,,,,,,,,,,,,,,,,,,,,,,,,,,,,,,,,,,
COMCHA0080000907,Boulangerie Pâtisserie Chocolat Pistache,Commerce:Service,,Artisan,,,Boulangerie,,,,,,,,8000,CHARLEVILLE MEZIERES,FRANCE,03 24 59 03 92 ou 03 24 57 02 14,,,,,,,49.76208,4.726096,,,,Boulangerie Pâtisserie Chocolat Pistache,,Adhérente à la marque collective  Ardennes de France .,"Spécialités sucrées ardennaises : pain pavé d'ardenne (pain original à forte teneur en seigle), carolo, tarte à suc', sanglier en chocolat, gâteau molletDeux adresses à Charleville-Mézières : - 7 avenue Jean Jaurès- 12 rue Saint Louis",,,,,,,,,,,,,,,,,http://cnstlltn.com/master/023cfd49-fdfa-43da-a66c-89ba8658aaf6/p3310595.jpg,http://cnstlltn.com/master/e12df458-80d2-49ca-870f-56e7f4c1dd60/logo+adf.jpg,,,,,,,,,,,,,,,,,,,,,,,,,,,,,,,,,,,,,,,,,,français,,,,,,,,,,,,,,,,,,,,,,,,,,,,,,,,,,,,,,,,,,,,,,,,,,,,,,,,,,,,,,,,,,,,,,,,,,,,,,,,,,,,,,,,,,,,,,,,,,,,,,,,,,,,,,,,,,,,,,,,,,,,,,,,,,
COMCHA0080000895,Boulangerie-Pâtisserie Billard,Commerce:Service,,Artisan,,,Boulangerie,,,,,4 rue de l'Eglise,,,8000,CHARLEVILLE MEZIERES,FRANCE,03 24 33 35 27,,,,,http://www.boulangeriebillard.fr/,,49.7733,4.723309,,,,Boulangerie-Pâtisserie Billard,,,"galette à sucre, gâteau mollet, macaron Mac Ardenne, galette ardennaise, carolo, chocolat maison, ardoise",,,,,,,,,,,,,,,,,http://cnstlltn.com/master/b84a3d82-f3ae-421d-9561-c02ec0e2e3df/boulangerie+billard.jpg,http://cnstlltn.com/master/04bf89b0-2c4e-4b19-b728-22c0d6c5c680/logo+adf.jpg,,,,,,,,,,,,,,,,,,,,,,,,,,,,,,,,,,,,,,,,,,français,,,,,,,,,,,,,,,,,,,,,,,,,,,,,,,,,,,,,,,,,,,,,,,,,,,,,,,,,,,,,,,,,,,,,,,,,,,,,,,,,,,,,,,,,,,,,,,,,,,,,,,,,,,,,,,,,,,,,,,,,,,,,,,,,,
COMCHA0080001018,Boutique,Commerce:Service,,,,,,,,,,,,,8300,BERGNICOURT,FRANCE,,,,,,,,49.41204,4.252408,,,,,,,,,,,,,,,,,,,,,,,,,,,,,,,,,,,,,,,,,,,,,,,,,,,,,,,,,,,,,,,,,,,français,,,,,,,,,,,,,,,,,,,,,,,,,,,,,,,,,,,,,,,,,,,,,,,,,,,,,,,,,,,,,,,,,,,,,,,,,,,,,,,,,,,,,,,,,,,,,,,,,,,,,,,,,,,,,,,,,,,,,,,,,,,,,,,,,,
COMCHA0080001007,Boutique  Ardennes de France ,Commerce:Service,,Commerces et services divers,,,Produits du terroir,,,,,Place du château,,,8320,VIREUX WALLERAND,FRANCE,03 24 42 92 42,,,info@valdardennetourisme.com,,http://boutique.ardenne-insolite.com/,,50.08603,4.727338,,,,Boutique terroir  Ardennes de France  et souvenirs,,Venez découvrir la gastronomie ardennaise L'office de tourisme val d'Ardenne à Vireux-Wallerand vous présente sa boutique terroir sous le label  Ardennes de France  et ses souvenirs.,"Le store Ğ Ardennes de France ğ à loffice de tourisme Val dArdenne : plus de 200 produits différents sont disponibles dans la boutique de loffice, dont plus de 70% sont des produits Ardennes de France.Différents univers de produits vous sont proposés : -",Produits de bien-être : o,Miel et produits dérivés à base de mielo,"Savons, shampoings, sel de bain, duo balnéo naturels-",Produits de terroir : o,Produits à base de safran des Ardenneso,"Délices et terrines de dinde rouge et de gibiers des Ardenneso Différentes terrines et rillettes ardennaises (Faisan, sanglier au ratafia, sanglier à la bière ardennaises, chapon...)o","Plats préparés ardennais (cacasse à cul nu, salade au lard...)-",Boissons ardennaises : o,Sélection de bières ardennaiseso,Boissons élaborées par les cidreries ardennaiseso,Sélection de siropso,Différents jus de pomme naturels-,"Différents autres produits et souvenirs à découvrir sur place : o Peluches sangliers, cerf... o Porte-clés o Bonnets sangliers o Magnets et divers souvenirsEt ses nouveautés régulières...Une équipe à votre service Nos conseillères en séjours sauront vous conseiller sur les différents produits et producteurs présents dans notre store afin de pouvoir vous accompagner au mieux durant votre découverte. Vous repartirez ainsi avec les conseils nécessaires pour utiliser au mieux les produits et ainsi profiter pleinement de la qualité de ces derniers. Des conseils et astuces vous seront donnés pour répondre au mieux à votre demande.Si vous souhaitez faire découvrir la gastronomie et partager un peu dArdenne avec vos proches, vous aurez la possibilité de créer vous-même votre panier gourmand en fonction de votre budget et de vos envies dans tout le store de loffice de tourisme. Une idée cadeau originale qui fait toujours plaisir. Acheter Ğ Ardennes de France ğ directement depuis chez vous : Afin daller encore plus loin, loffice de tourisme val dArdenne vous propose de retrouver sa boutique directement en ligne. Pour la livraison, vous pourrez opter pour la livraison à domicile en Chronopost, en points relais ou venir chercher directement et gratuitement votre commande à loffice de tourisme à Vireux-Wallerand. Pour acheter en ligne, il suffira de se rendre sur le site dédié : www.boutique.ardenne-insolite.com",,,,,,,,,,,,,,,,,http://cnstlltn.com/master/6a970623-1724-4be0-bd27-829bae19f882/img_1074.jpg,http://cnstlltn.com/master/cf211056-fc28-442f-97fc-2f9ad95168dd/boutique-vat.jpg,http://cnstlltn.com/master/e219f342-2778-4e94-b395-d5d601a2eaac/boutique-vat-1.jpg,,,,,Animaux acceptés,Accès handicapés,,,,,,,,,,,,,,,Autres,,Service Accueil,,,direction@valdardennetourisme.com,03 24 42 92 42,03 88 64 42 38,Autres,,Service Accueil,,,info@valdardennetourisme.com,03 24 42 92 42,03 88 64 42 38,,,,,français,,,,,Carte de crédit,Chèques,Espèces,Visa,,,,,,,,,,,,,,,,,,,,,,,,,,,Boutique,Wifi,,,,,,,,,,,,,,,,,,,,,,,,,,,,,,,,,,,,,,,,,,,,,,,,,,,,,,,,,,,,,,,,,,,,,,,,,,,,,,,,,
COMCHA0080001019,Boutique  La Margoulette ,Commerce:Service,,Commerces et services divers,,,Cadeaux / Souvenirs,,,,,Route de Chateau,,,8300,BERGNICOURT,FRANCE,06 65 70 33 95,,,abbiere@hotmail.fr,,http://www.bieres-la-margoulette.com,,49.41204,4.252408,,,,Boutique  la Margoulette ,Adhérente à la marque collective  Ardennes de France ,,"A quelques mètres de laxe routier Reims-Charleville-Mézières, la boutique de la brasserie  La Margoulette  vous propose toute l'année sa gamme de produits : - Bières en format 33 ou 75 cl en blonde, brune, ambrée, blanche, aromatisées, noël ou triple (bière La Margoulette) ainsi que notre limonade et cola artisanaux (La Trogne) - Les limonades en 75 cl à l'unité et par pack de 4  - Le Cola uniquement en 33 cl par pack de 4 bouteilles  - Des verres à l'effigie de La Margoulette - Paniers cadeaux (possibilité de faire sa propre composition) Ouverture les mardi, jeudi et samedi de 14h à 18h et le vendredi de 11h à 14h",,,,,,,,,,,,,,,,,http://cnstlltn.com/master/57ab9834-85b9-41f9-a65a-d03ceb6b25af/208.jpg,,,,,,,,,,,,,,,,,,,,,,,,,,,,,,,,,,,,,,,,,,,français,,,,,,,,,,,,,,,,,,,,,,,,,,,,,,,,,,,,,,,,,,,,,,,,,,,,,,,,,,,,,,,,,,,,,,,,,,,,,,,,,,,,,,,,,,,,,,,,,,,,,,,,,,,,,,,,,,,,,,,,,,,,,,,,,,
COMCHA0080000836,Boutique Coton soleil,Commerce:Service,,Commerces et services divers,,,,,,,,Rue des déportés,,,8170,FUMAY,FRANCE,,,,,,,,49.9915,4.702741,,,,Boutique Coton soleil -Fumay-Ardenne-France,,Le secours catholique ouvrira une boutique Coton soleil à Fumay au rue des Déportés.,"Acheter des vêtements de seconde main, impeccables, entre 50 centimes et un euro, mis en rayon comme dans un vrai magasin et pouvoir aussi en même temps prendre un café et discuter, tout cela sera bientôt possible dans Fumay.L'espace sera réparti sur deux étages : au rez-de-chaussée, le magasin et à l'étage, une table et des chaises pour souffler, discuter, prendre un café.Les jours et horaires d'ouverture: le lundi et vendredi de 14h à 17hle mercredi de 9h à 12h et de 15h à 18h.",,,,,,,,,,,,,,,,,,,,,,,,,,,,,,,,,,,,,,,,,,,,,,,,,,,,,,,,,,,,français,,,,,,,,,,,,,,,,,,,,,,,,,,,,,,,,,,,,,,,,,,,,,,,,,,,,,,,,,,,,,,,,,,,,,,,,,,,,,,,,,,,,,,,,,,,,,,,,,,,,,,,,,,,,,,,,,,,,,,,,,,,,,,,,,,
COMCHA0080000871,Boutique de l'office,Commerce:Service,,Commerces et services divers,,,,,,,,4 place ducale,,,8000,CHARLEVILLE MEZIERES,FRANCE,,,,03.24.55.69.90,nadege-ot@orange.fr,,,49.7739,4.720157,,,,,,,,,,,,,,,,,,,,,,,,,,,,,,,,,,,,,,,,,,,,,,,Office de Tourisme,,,,,contact@charleville-tourisme.com,+33 (0)3 24 55 69 90,,,,,,,,,,,,,,français,,,,,,,,,,,,,,,,,,,,,,,,,,,,,,,,,,,,,,,,,,,,,,,,,,,,,,,,,,,,,,,,,,,,,,,,,,,,,,,,,,,,,,,,,,,,,,,,,,,,,,,,,,,,,,,,,,,,,,,,,,,,,,,,,,
COMCHA0080001024,Boutique de l'Office de Tourisme de Sedan,Commerce:Service,,Commerces et services divers,,,Produits du terroir,,,,,"35, Rue du Ménil",,,8200,SEDAN,FRANCE,03 24 27 73 73,,,contact@tourisme-sedan.fr,,,,49.70013,4.949583,,,,Boutique de l'Office de Tourisme de Sedan,,,,,,,,,,,,,,,,,,,,,,,,,,,Animaux acceptés,Accès handicapés,,,,,,,,,,,,,,,Information,,Service Accueil,,,contact@tourisme-sedan.fr ,03 24 27 73 73,,Autres,,Service Accueil,,,contact@tourisme-sedan.fr,03 24 27 73 73,,,,,,français,,,,,Carte de crédit,Chèques,Espèces,,,,,,,,Parking privé,,,,,,,,,,,,,,,,,,,,Boutique,,,,,,,,,,,,,,,,,,,,,,,,,,,,,,,,,,,,,,,,,,,,,,,,,,,,,,,,,,,,,,,,,,,,,,,,,,,,,,,,,,,,,,,,,,,,,,,
COMCHA0080001006,Boutique de l'Office du Tourisme de l'Argonne Ardennaise,Commerce:Service,,Commerces et services divers,,,Produits du terroir,,,,,10 Place Carnot,,,8400,VOUZIERS,FRANCE,03 24 30 71 97 57 ,,,info-tourisme@argonne-ardennaise.fr,,,,49.40206,4.711936,,,,Boutique de l'Office de Tourisme de l'Argonne Ardennaise,,Ouverture d'Octobre à Mars du mardi au vendredi de 14h à 17h et le samedi de 9h à 12h30.D'Avril à Juin et en Septembre du mardi au samedi de 10h à 12h30 et de 13h30 à 18h. En Juillet / Aout et pendant Noël tous les jours de 10h à 12h30 et de 13h30 à 18h.,"Situé au sein du local de l'Office de Tourisme sur la Place de la ville de Vouziers, la boutique de souvenirs et de produits du terroir vous propose tout au long de l'année : Des produits du terroir (locaux ou ardennais) : - Cidrerie Capitaine : Toute une gamme de cidre nature et/ou aromatisés, de jus (pomme, poire...), de gelée et/ou confit (pomme, poire...), de la frênette pour ceux qui désireraient replonger dans leur enfance et/ou plonger dans celle de leur parents / grands parents - Ardwen : Toute une gamme de bière (blonde, blanche, ambrée, cerise) mais aussi 2 bières, triple et triple cerise, à l'effigie de Woinic, le sanglier, notre emblème départemental. - La Margoulette : Une gamme de bière (blonde, blanche, ambrée, cassis) et limonade disponible en 33cl ou en 75cl selon vos besoins. - Les Délices de l'Arnes : Toute une gamme de terrines et de rillettes allant du canard au chapon en passant par la dinde rouge (race typiquement ardennaise) et la pintade. - La Confiserie Ardennaise : Une grande variété de bonbons cassés aux goûts originaux (coquelicots, anis, - La Miellerie et Le Miel de mes Ruches : Pot de miel en plastique ou en verre de 250g à 1kg, de printemps ou d'été, onctueux dur ou liquide, selon vos goûts et vos envies. - EARL Lacroix : Huile de colza première pression à froid en bouteille en verre de 50cl. Mais aussi : - La Vannerie d'Ardennes de M. Durmois avec toutes sortes de paniers, mangeoires à oiseaux, molette, ...- Les bâtons de marches de M. Anselme, fabrication 100% ardennaise avec un cordon en cuir belge pour le maintien et des embouts différents selon vos besoins (pics de marche, tampons pour toute marche ou embout de canne). - L'atelier ReCréNature avec ses hôtels à insectes de différentes tailles selon les besoins de vos jardins, cela permet de ne plus traiter vos arbres puisque les insectes venant se loger dedans se nourriront des insectes parasites. - Une variante de livres sur les Ardennes, son histoire, sa géographie, sa faune, sa flore, ... - Le coin des poètes avec les recueils de 2 poètes locaux : Bubune et Daniel Doyen. - 2 Revues trimestrielle : Le Curieux Vouzinois et Terres Ardennaises. - Des cartes IGN de notre territoire ainsi que la carte IGN 14/18. Et pour ceux qui souhaiteraient emporter chez eux un souvenirs ardennais notre boutique dispose aussi de : - divers portes clefs à effigie des Ardennes- des magnets à coller sur les frigidaires- des peluches diverses et variées- des figurines (loups, poilus...) - Des portes clefs en mémoire de la guerre 14/18, porte clef en forme de balle, taille réelle, casque- Des tailles crayons en forme de canon - Des stylos et crayons de papiers à l'effigie du territoire.",,,,,,,,,,,,,,,,,http://cnstlltn.com/master/8ead13fd-63ea-4806-bceb-2278b14dba35/dsc_0144.jpg,http://cnstlltn.com/master/a688096e-a363-4f6b-a61b-fc26d3ce6f16/dsc_0132.jpg,,,,,,Animaux acceptés,,,,,,2015-10-21,2015-10-24,2015-10-27,2015-10-31,2015-11-03,2015-11-07,2015-11-10,2015-11-14,2015-11-17,2015-11-21,Autres,,OFFICE DE TOURISME DE L'ARGONNE ARDENNAISE,,,info-tourisme@argonne-ardennaise.fr,03.24.71.97.57,,,,,,,,,,,,,,français,,,,,Chèques,Espèces,,,,,,,,,,,,,,,,,,,,,,,,,,,,,Boutique,,,,,,,,,,,,,,,,,,,,,,,,,,,,,,,,,,,,,,,,,,,,,,,,,,,,,,,,,,,,,,,,,,,,,,,,,,,,,,,,,,,,,,,,,,,,,,,
COMCHA0080001005,Boutique de produits ardennais et souvenirs,Commerce:Service,,Commerces et services divers,,,Cadeaux / Souvenirs,,,,,Vitrine des Ardennes - 24 place Ducale ,,,8000,CHARLEVILLE MEZIERES,FRANCE,03 24 56 06 08,,,info@ardennes.com,,http://www.ardennes.com,,49.77389,4.720877,,,,Boutique de produits ardennais et souvenirs,,"Pour la Saint Valentin, faites plaisir et offrez des paniers garnis personnalisés!","Située sur la Place Ducale, la boutique de souvenirs et de produits ardennais, vous propose toute l'année sa gamme de produits :les souvenirs Woinic sous forme de jetons touristiques, cartes postales, d'autocollants, de magnets, de gourdes isotherme, de tasses, de porte-clés ou bien encore de parapluies.De même découvrez la gamme  Les Ardennes c'est pas pareil  avec les tasses, les linges de cuisine, les bonbons au miel, les magnets et depuis peu les parapluies.Ou tout simplement l'emblème du département, le sanglier, décliné en peluches de toutes tailles, boule à neige, magnet ou miniature en résine...Que vous soyez gourmands ou pas, n'hésitez plus et dégustez les produits de la marque collective Ardennes de France tels que: - Les bières Ardwen, en coffret découverte ou à l'unité pour la Ambrée et la Woinic Rouge- La bière blonde Cuvée d'Arthur- Les terrines des Délices de l'Arnes- Le pâté Rimbaud au foie gras de Mr Collin- Les miels Arthur Rimbaud de Mr Pérotin....Mais aussi:- Les savons au lait d'ânesse de l'Âne en bulles- Le livre de recettes familiales de la Confrérie du gâteau mollet- Le livre  Ma cuisine ardennaise de saison  aux éditions Noires Terres- Les bougies et savons au miel du Rucher du Marcassin...Renseignements:Vitrine des Ardennes, 24 place Ducale à Charleville-MézièresOuverture du lundi au samedi de 10 h à 12 h 30 et de 13 h 30 à 18 h et le dimanche de 14h à 18hTél: 03 24 56 06 08.Pour plus dinformations sur la marque collective Ardennes de France : www.ardennes-de-france.comCette boutique, vous est proposée par l'Agence de Développement Touristique.",,,,,,,,,,,,,,,,,http://cnstlltn.com/master/70e16736-3f89-41a2-9ed5-8b7992544c27/photo+vitrines+accueil+retouchee.jpg,http://cnstlltn.com/master/dc68e108-2ae6-46a1-a8d6-9a5c766a092f/ardennes+pas+pareil+(1).jpg,http://cnstlltn.com/master/4a1e2292-7cc3-442c-bef9-a5fccff2dfc7/linge+cuisine.jpg,,,,,Animaux acceptés,,,,,,,,,,,,,,,,,,,,,,,,,,,,,,,,,,,,français,anglais,,,,Carte de crédit,Chèques,Chèques bancaires et postaux,Espèces,Eurocard - Mastercard,Visa,,,,,,,,,,,,,,,,,,,,,,,,,Boutique,,,,,,,,,,,,,,,,,,,,,,,,,,,,,,Y,,,,,,,,,,,,,,,,,,,,,,,,,,,,,,,,,,,,,,,,,,,,,,,,,,,,,,,,,,,,,,,,,
COMCHA0080001014,Boutique de Produits Ardennais et Souvenirs des Crêtes Préardennaises,Commerce:Service,,Commerces et services divers,,,Cadeaux / Souvenirs,,,,,1 rue cécilia gazanière,,,8430,LAUNOIS SUR VENCE,FRANCE,03 24 35 02 69,,,ot.cretes@orange.fr,,http://www.sud-ardennes-tourisme.com,,49.65455,4.539504,,,,Boutique de produits de terroir Ardennais,"Souvenir, Terroir et Produits du terroir ",Toute l'année faîtes le plein de terroir sur les Crêtes Préardennaises.Découvrez la sélection de produits des adhérents à l'Office de Tourisme des Crêtes Préardennaises.,"Située au sud des ardennes (45 min de Reims et 2h00 de Paris ), la boutique de souvenirs et de produits ardennais, vous propose toute l'année sa gamme de produits : - les souvenirs  Sanglier des Ardennes  notre emblème, le sanglier, décliné en cartes postales, peluches de différentes tailles, portes clés, décapsuleurs, couteaux, bonnets ou bien encore des sangliers en résine.   - les souvenirs Vendresse comme les cartes postales, les peluches poisson, les cuillères, les magnets Karpe Koï ou bien encore les portes clés.   Que vous soyez gourmands ou pas, n'hésitez plus et dégustez les produits de la marque collective Ardennes de France tels que :   - les bières Ardwen : la Woinic bleue ou rouge à l'unité ou en coffret - le Safran : la moutarde, le chutney, le vinaigre, confitures - les Bulles Ardennaises :  les dérivés de la pomme : cidre, jus de fruits ou pétillant     Mais aussi:- la Cidrerie de Warnécourt : les dérivés de la pomme : cidre, jus de fruits ou pétillant - Les livres de recettes, dhistoire, de patrimoine, de maraîchage- Les bâtons de marche de la forêt des Ardennes - Les bijoux de Mme Catherine MERCIER  Djebel Arduinna : consulter le site ...Faîtes plaisir, pensez aux idées Cadeaux de la Boutique des Crêtes Préardennaises. Offrez nos compositions de produits de terroir de notre territoire. Ouverture du mercredi au vendredi de 10h00 à 12h30 et de 14h00 à 17h30 et le samedi de 10h00 à 12h30 et de 13h30 à 17h00Tél : 03.24.35.02.69.  Venez nous rencontrer à l'Office de Tourisme et emportez avec vous, des Souvenirs de votre Séjour en Ardennes !",,,,,,,,,,,,,,,,,http://cnstlltn.com/master/45fd9652-a6a9-4af4-a852-20043b22addf/coffret1.jpg,,,,,,,,,,,,,,,,,,,,,,,,,,,,,,,,,,,,,,,,,,,français,anglais,,,,Chèques,Chèques bancaires et postaux,Espèces,Eurocard - Mastercard,Paypal,Virements,,,,,,,,,,,,,,,,,,,,,,,,,Boutique,,,,,,,,,,,,,,,,,,,,,,,,,,,,,,,,,,,,,,,,,,,,,,,,,,,,,,,,,,,,,,,,,,,,,,,,,,,,,,,,,,,,,,,,,,,,,,,
COMCHA0080001004,Boutique de produits ardennais et souvenirs Woinic,Commerce:Service,,Commerces et services divers,,,Cadeaux / Souvenirs,,,,,Autoroute A34,Site de Woinic,Sortie 14,8270,FAISSAULT,FRANCE,03 24 39 77 98,,,woinic@ardennes.com,,http://www.ardennes.com,,49.60506,4.523976,,,,Boutique de produits ardennais et souvenirs Woinic,Fermée du 25 décembre 2015 au 28 février 2016,"Située sur laire des Ardennes Woinic de lautoroute A 34, la boutique de souvenirs et de produits ardennais, qui jouxte la sculpture géante de Woinic le plus grand sanglier du monde, vous propose toute l'année sa gamme de produits :","Les souvenirs Woinic comme les cartes postales, les magnets, les autocollants, les gourdes isotherme, les tasses, les porte-clés ou bien encore les parapluies.De même découvrez notre gamme  Les Ardennes c'est pas pareil  avec les tasses, les linges de cuisine, les bonbons au miel, les magnets et depuis peu les parapluies.Ou tout simplement notre emblème, le sanglier, décliné en peluches de toutes tailles, boule à neige, magnet ou miniature en résine...Que vous soyez gourmands ou pas, n'hésitez plus et dégustez les produits de la marque collective Ardennes de France tels que: - Les bières Ardwen, comme la Woinic bleue ou rouge à l'unité ou en coffret- La bière blonde Cuvée d'Arthur- Les terrines des Délices de l'Arnes- Le pâté Rimbaud au foie gras de Mr Collin- Du miel et des bonbons de Mr De JulisMais aussi:- Les savons au lait d'ânesse de l'Âne en bulles- Le cidre, la Frênette ou le Pom'Pétillant de la cidrerie Les Bulles Ardennaises- Le livre de recettes familiales de la Confrérie du gâteau mollet- Le livre  Les Ardennes, Contes et Légendes  aux éditions Noires Terres- Bâtons et cannes de marche de la Forêt d'Ardennes...Renseignements:Boutique de laccueil touristique du site de Woinic, Autoroute A 34, sortie 14 Ouverture du lundi au samedi de 10 h à 12 h 30 et de 13 h 30 à 18 h et le dimanche de 14 h à 18h (fermé les jours fériés)Tél: 03 24 39 77 98. Pour plus dinformations sur la marque collective Ardennes de France : www.ardennes-de-france.comCette boutique, vous est proposée par l'Agence de Développement Touristique.",,,,,,,,,,,,,,,,,http://cnstlltn.com/master/da92cb77-7a04-4dbb-9783-1f40f0b6c46b/woinic800x506px.jpg,http://cnstlltn.com/master/5d5bdc7f-13dc-4ef6-a089-69641e69a6df/ardennes+pas+pareil+(1).jpg,http://cnstlltn.com/master/e8eb569c-4414-448e-a997-ccccf3d2bedb/sanglier+peluche+objet.jpg,,,,,Animaux acceptés,,,,,,,,,,,,,,,,,,,,,,,,,,,,,,,,,,,,français,anglais,,,,Chèques,Espèces,,,,,,,,,,,,,,,,,,,,,,,,,,,,,Boutique,,,,,,,,,,,,,,,,,,,,,,,,,,,,,,Y,,,,,,,,,,,,,,,,,,,,,,,,,,,,,,,,,,,,,,,,,,,,,,,,,,,,,,,,,,,,,,,,,
COMCHA0080001012,Boutique de Produits du Terroir - Office de Tourisme de Charleville/Sedan en Ardenne,Commerce:Service,,Commerces et services divers,,,Produits du terroir,,,,,4 place Ducale,Office de Tourisme de Charleville/Sedan en Ardenne,,8000,CHARLEVILLE MEZIERES,FRANCE,03 24 55 69 90,,,info@charleville-tourisme.com,,http://www.charleville-tourisme.com,,49.77397,4.719927,,,,Boutique de Produits du Terroir - Office de Tourisme de Charleville/Sedan en Ardenne,,ouvert du lundi au samedi - de 9h30 à 12h00 et de 13h30 à 18h00,,,,,,,,,,,,,,,,,,,,,,,,,,,,,,,,,,,,,,,,,,,,,,,,,,,,,,,,,,,,,français,,,,,,,,,,,,,,,,,,,,,,,,,,,,,,,,,,,,,,,,,,,,,,,,,,,,,,,,,,,,,,,,,,,,,,,,,,,,,,,,,,,,,,,,,,,,,,,,,,,,,,,,,,,,,,,,,,,,,,,,,,,,,,,,,,
COMCHA0080000437,Caisse d'Epargne ,Commerce:Service,,Banques et assurances,,,Banque,,,,,"72, rue Pasteur",,,8800,MONTHERME,FRANCE,+33 (0)8 21 01 05 76,,,,,,,49.89996,4.750521,,,,,,,,,,,,,,,,,,,,,,,,,,,,,,,,,,,,,,,,,,,,,,,,,,,,,,,,,,,,,,,,,,,français,,,,,,,,,,,,,,,,,,,,,,,,,,,,,,,,,,,,,,,,,,,,,,,,,,,,,,,,,,,,,,,,,,,,,,,,,,,,,,,,,,,,,,,,,,,,,,,,,,,,,,,,,,,,,,,,,,,,,,,,,,,,,,,,,,
COMCHA0080000592,CENTRE DE CONGRÈS DES VIEILLES FORGES,Commerce:Service,,,,,,,,,,,, ,8500,LES MAZURES,FRANCE,03.24.40.31.30,,03.24.40.40.22,,,,,49.888325,4.626646,,,,CENTRE DE CONGRÈS DES VIEILLES FORGES,,,"Centre de congrès équipé de 3 salles de séminaires de 30 à 110 personnes, d'une salle de congrès de 420 places ainsi que d'une salle polyvalente pouvant accueillir 550 personnes en réception ou 700 personnes en séminaire. A proximité de la Base de Loisirs des Vieilles Forges.",,,,,,,,,,,,,,,,,,,,,,,,,,,,,,,,,,,,,,,,Renseignement/Information,,DUBOIS,,,,03 24 40 31 30,03 24 40 40 22,Direction,,DUBOIS,Jérémy,,,03 24 40 31 30,03 24 40 40 22,,,,,,,,,,,,,,,,,,,,,,,,,,,,,,,,,,,,,,,,,,,,,,,,,,,,,,,,,,,,,,,,,,,,,,,,,,,,,,,,,,,,,,,,,,,,,,,,,,,,,,,,,,,,,,,,,,,,,,,,,,,,,,,,,,,,,,,
COMCHA0080000845,Centre Social Escal en Yvois,Commerce:Service,,Equipements culturels,,,,,,,,"14, Avenue de Blagny ",Maison Jean Jaurés ,,8110,CARIGNAN,FRANCE,03 24 27 28 07,,,escal-en-yvois@wanadoo.fr,,http://carignan.centres-sociaux.fr,,49.63747,5.17254,,,,Centre Social Escal en Yvois,,Ouvert toute l'année.,De multiples activités vous sont proposées par le centre social Escal en Yvois :- Séances de Cinéma- Spectacles- Concerts- Informatique ...Prenez contact !,,,,,,,,,,,,,,,,,http://cnstlltn.com/master/2039bd1e-b5af-44e4-8396-04ab867e4579/2039bd1e-b5af-44e4-8396-04ab867e4579_134.png,,,,,,,,,,,,,,,,,,,,,,,Direction,,PONSARD,Pascal ,,escal-en-yvois@wanadoo.fr,03 24 27 28 07,,Autres,,PONSARD,Pascal ,,escal-en-yvois@wanadoo.fr,03 24 27 28 07,,,,,,français,,,,,,,,,,,,,,,,,,,,,,,,,,,,,,,,,,,,,,,,,,,,,,,,,,,,,,,,,,,,,,,,,,,,,,,,,,,,,,,,,,,,,,,,,,,,,,,,,,,,,,,,,,,,,,,,,,,,,,,,,,,,,,,,,,
COMCHA0080000899,Charcuterie Rossignol,Commerce:Service,,Artisan,,,Boucherie,,,,,5 rue du Petit Bois,,,8000,CHARLEVILLE MEZIERES,FRANCE,03 24 33 35 98,,,charcut.rossignol@free.fr,,http://www.charcutiertraiteurrossingnol.fr,,49.77335,4.722135,,,,Charcuterie Rossignol,,Adhérent à la marque collective  Ardennes de France .,charcuterie traiteur - fabrication maison de boudin blanc nature et à l'oignon - pâté croûte brioché - pâté Gonzague - noix de jambon des Ardennes.,,,,,,,,,,,,,,,,,http://cnstlltn.com/master/81dbf530-b43f-4f95-8a72-b35774bc33a7/cdt08-cl+(13).jpg,http://cnstlltn.com/master/20047973-cce5-46be-bc37-cbcb94cd9e8e/logo+adf.jpg,,,,,,,,,,,,,,,,,,,,,,,,,,,,,,,,,,,,,,,,,,français,,,,,,,,,,,,,,,,,,,,,,,,,,,,,,,,,,,,,,,,,,,,,,,,,,,,,,,,,,,,,,,,,,,,,,,,,,,,,,,,,,,,,,,,,,,,,,,,,,,,,,,,,,,,,,,,,,,,,,,,,,,,,,,,,,
COMCHA0080000843,Cinéma  Le Turenne ,Commerce:Service,,Equipements culturels,,,Cinéma,,,,,"17, avenue de Verdun ",,,8200,SEDAN,FRANCE,03 24 27 05 30,,,,,http://www.cinematurenne.fr,,49.69848,4.936284,,,,Cinéma  Le Turenne ,,Ouvert toute l'année.,"Entièrement rénové en 2009, le cinéma Turenne est composé de 3 salles vous proposant une programmation éclectique. Possibilité cinéma en 3D. Depuis 2011, le cinéma Turenne est passé à la projection en numérique.",,,,,,,,,,,,,,,,,,,,,,,,,,,,,,,,,,,,,,,,,,,,,,,,,,,,,,,,,,,,français,,,,,,,,,,,,,,,,,,,,,,,,,,,,,,,,,,,,,,,,,,,,,,,,,,,,,,,,,,,,,,,,,,,,,,,,,,,,,,,,,,,,,,,,,,,,,,,,,,,,,,,,,,,,,,,,,,,,,,,,,,,,,,,,,,
COMCHA0080000688,Classine André ,Commerce:Service,,,,,,,,,,"6, Chemin de Vendresse",,,8160,ELAN,FRANCE,03 24 54 61 89,,,,,,,49.65744,4.748734,,,,CLASSINE ANDRE,,Vente de viande en caissette,,,,,,,,,,,,,,,,,,http://cnstlltn.com/master/a414b2e8-fc7f-41cb-a04a-0958626ff383/a414b2e8-fc7f-41cb-a04a-0958626ff383_134.jpg,,,,,,,,,,,,,,,,,,,,,,,Propriétaire,,CLASSINE,ANDRE,,,,,,,,,,,,,,,,,,,,,,,,,,,,,,,,,,,,,,,,,,,,,,,,,,,,,,,,,,,,,,,,,,,,,,,,,,,,,,,,,,,,,,,,,,,,,,,,,,,,,,,,,,,,,,,,,,,,,,,,,,,,,,,,,,,,,,,,,,,,,,,,,,,
COMCHA0080000887,Confiserie du Vieux Moulin,Commerce:Service,,Artisan,,,Chocolatier,,,,,14 rue du Moulin,,,8000,CHARLEVILLE MEZIERES,FRANCE,03 24 33 20 12,,,,,,,49.7742,4.721635,,,,Confiserie du Vieux Moulin,,Adhérent à la marque collective  Ardennes de France .,"Spécialités chocolatées ardennaises :  pavé du moulin , écailles des Ardennes,  palet ardennais , marcassins et sangliers en chocolat.",,,,,,,,,,,,,,,,,http://cnstlltn.com/master/98d7a01c-a332-49ec-84a5-12afb22a8855/cdt08-cl+(8).jpg,http://cnstlltn.com/master/133ad330-bfb1-479b-9d99-89e4686a2350/logo+adf.jpg,,,,,,,,,,,,,,,,,,,,,,,,,,,,,,,,,,,,,,,,,,français,,,,,,,,,,,,,,,,,,,,,,,,,,,,,,,,,,,,,,,,,,,,,,,,,,,,,,,,,,,,,,,,,,,,,,,,,,,,,,,,,,,,,,,,,,,,,,,,,,,,,,,,,,,,,,,,,,,,,,,,,,,,,,,,,,
COMCHA0080000536,Crédit Agricole,Commerce:Service,,Banques et assurances,,,Banque,,,,,"3, Place Danton",,,8120,BOGNY SUR MEUSE,FRANCE,+33 (0)3 24 37 25 23,,+33 (0)3 24 37 67 65,,,,,49.84687,4.754945,,,,,,,,,,,,,,,,,,,,,,,,,,,,,,,,,,,,,,,,,,,,,,,,,,,,,,,,,,,,,,,,,,,français,,,,,,,,,,,,,,,,,,,,,,,,,,,,,,,,,,,,,,,,,,,,,,,,,,,,,,,,,,,,,,,,,,,,,,,,,,,,,,,,,,,,,,,,,,,,,,,,,,,,,,,,,,,,,,,,,,,,,,,,,,,,,,,,,,
COMCHA0080000502,Crédit Agricole Du Nord Est ,Commerce:Service,,Banques et assurances,,,Banque,,,,,"10, rue du Docteur Lemaire",,,8800,MONTHERME,FRANCE,+33 (0)3 24 53 02 36,,,,,,,49.89996,4.750521,,,,,,,,,,,,,,,,,,,,,,,,,,,,,,,,,,,,,,,,,,,,,,,,,,,,,,,,,,,,,,,,,,,français,,,,,,,,,,,,,,,,,,,,,,,,,,,,,,,,,,,,,,,,,,,,,,,,,,,,,,,,,,,,,,,,,,,,,,,,,,,,,,,,,,,,,,,,,,,,,,,,,,,,,,,,,,,,,,,,,,,,,,,,,,,,,,,,,,
COMCHA0080001015,Debesse Iso et Bois,Commerce:Service,,Artisan,,,Divers,,,,,6 place du Paquis,,,8260,AUVILLERS LES FORGES,FRANCE,03.24.52.93.76,,,,,http://www.debesseisoetbois.fr,,49.86604,4.359554,,,,Debesse iso et Bois,Artisant du bois,DEUX GENERATIONS DE SAVOIR FAIRE A VOTRE SERVICE,"Depuis près de 40 ans notre société met à votre service son savoir faire en alliant expérience et qualité de ses produits.   Nous proposons une large gamme de prestations avec comme point fort le sur-mesure.   En plus de notre expérience, nous cherchons toujours à utiliser des matériaux modernes et innovants.   Notre entreprise est reconnu QUALITE ARTISAN   Toutes nos réalisations sont unique, adaptée à votre projet et  garanties sous couvert d'une assurance de 10 ans. Nous vous proposont un évantail de produits et de savoir faire que nous mettons à votre disposition pour toutes vos réalisations.",,,,,,,,,,,,,,,,,http://cnstlltn.com/master/a2f670c1-94ad-4db8-a1c9-751bb9abd876/debesse.jpg,http://cnstlltn.com/master/379944e4-49a8-4e4f-b612-869d44b57cc5/image.jpg,http://cnstlltn.com/master/dd1b825f-85cf-4022-b6e0-2bb3ac76eec8/image+(1)cheval.jpg,,,,,,,,,,,,,,,,,,,,,,,,,,,,,,,,,,,,,,,,,français,,,,,Chèques bancaires et postaux,Espèces,,,,,,,,,,,,,,,,,,,,,,,,,,,,,,,,,,,,,,,,,,,,,,,,,,,,,,,,,,,,,,,,,,,,,,,,,,,,,,,,,,,,,,,,,,,,,,,,,,,,,,,,,,,,,,,,,,,,,,,,,,,,
COMCHA0080000577,DEVINGT,Commerce:Service,,Artisan,,,,,,,,,,,8160,DOM LE MESNIL,FRANCE,+33 (0)3 24 54 08 66,,,,,,,49.68409,4.808152,,,,DEVINGT ROBERT,,Apiculteur,Vente de miel toute fleurs et d'hydromel.Ses produits sont également en vente dans la boutique de produits du terroir de l'office de tourisme du Pays des Sources au Val de Bar. Horaires de l'Office de Tourisme:Toute l'année : du mardi au samedi de 10h à 12h et de 14h à 17h30. Le dimanche de 14h à 17h30. Fermé le lundi.En juillet et août: du lundi au samedi de 10h à 12h et de 14h à 18h00. Le dimanche de 14h à 18h.,,,,,,,,,,,,,,,,,http://cnstlltn.com/master/aa95b8e0-dbfd-4020-b2cc-fe3d6770e8eb/aa95b8e0-dbfd-4020-b2cc-fe3d6770e8eb_134.jpg,,,,,,,,,,,,,,,,,,,,,,,Autres,,DEVINGT,ROBERT,,,,,,,,,,,,,,,,,,,,,,,,,,,,,,,,,,,,,,,,,,,,,,,,,,,,,,,,,,,,,,,,,,,,,,,,,,,,,,,,,,,,,,,,,,,,,,,,,,,,,,,,,,,,,,,,,,,,,,,,,,,,,,,,,,,,,,,,,,,,,,,,,,,
COMCHA0080000854,Espace Détente,Commerce:Service,,Equipements sportifs,,,Bien-être / Relaxation,,,,,,,,8380,SIGNY LE PETIT,FRANCE,03 24 53 54 73,,,campingprehugon@wanadoo.fr,,,,49.91398,4.285011,,,,Espace détente à Signy le petit,Au Domaine de la motte,Ouvert à tous toute l'année,"Maryline, vous accueille dans son espace détente. Praticienne en massages bien-être agréée Fédération Française de Massage Bien-être elle vous fera découvrir de nouvelles sensation.Des cours d'aquagym et de danse indienne son proposées par séance d'1h pour 5.Le Domaine de la Motte vient d'ouvrir son espace détente. Venez profiter de la salle de fitness, du sauna, du hamman, et du solarium. Mais nous vous proposons également dans l'espace modelage des massages ayurvédique cranien mais aussi des soins du corps.",,,,,,,,,,,,,,,,,http://cnstlltn.com/master/5951f697-435d-4f0b-9b4e-16d3fd3107f7/098a27841796383532cd3bbf759f7348.jpg,http://cnstlltn.com/master/a6fb24d3-6b3f-4ee3-bd7f-3b349b8a5220/dfebcf539b58d3734e1ce27afcd2df69_0.jpg,http://cnstlltn.com/master/fbc64ef9-8dfe-4239-8a1f-a3b3fcdcdb1b/4f748253a47e1a699bc94a19ec19e2f1.jpg,,,,,,,,,,,,,,,,,,,,,,,,,,,,,,,,,,,,,,,,,français,anglais,,,,Chèques,Chèques bancaires et postaux,Chèques Vacances,Espèces,Eurocard - Mastercard,Visa,,,,,,,,,,,,,,,,,,,,,,,,,Bar / buvette,Espace jeux,Restaurant,Séminaire,Wifi,,,,,,,,,,,,,,,,,,,,,,,,,,,,,,,,massage Corps,30.00,45.00,"Espace détante sauna, hammam",10.00,15.00,Solarium,4.00,12.00,sauna ou hammam 20min,5.00,5.00,soins du corps ,25.00,25.00,massages bien être,15.00,17.00,,,,,,,,,,,,,,,,,,,,,,,,,,,,,,,,,,,,,,,,,,
COMCHA0080000889,Euro Bengale,Commerce:Service,,Autres équipements,,,Divers,,,,,Le Bochet,,,8390,SAUVILLE,FRANCE,03 24 30 62 61,,,,,http://www.eurobengale.com/fr/,,49.55622,4.794448,,,,Euro Bengale,,Adhérent à la marque collective  Ardennes de France .,"Artifices de divertissement, spectacles pyrotechniques. Première entreprise française à avoir obtenu la certification ISO 9001 version 9000.",,,,,,,,,,,,,,,,,http://cnstlltn.com/master/14eff8ba-3116-43e9-b88f-3b534d71d1c2/eurobengale.jpg,http://cnstlltn.com/master/4231c976-5957-4a93-bb1d-b7c7d5bb37ac/logo+adf.jpg,,,,,,,,,,,,,,,,,,,,,,,,,,,,,,,,,,,,,,,,,,français,,,,,,,,,,,,,,,,,,,,,,,,,,,,,,,,,,,,,,,,,,,,,,,,,,,,,,,,,,,,,,,,,,,,,,,,,,,,,,,,,,,,,,,,,,,,,,,,,,,,,,,,,,,,,,,,,,,,,,,,,,,,,,,,,,
COMCHA0080000901,Ferme de Saint Quentin,Commerce:Service,,Artisan,,,Divers,,,,,8 rue du Paquis,,,8390,STONNE,FRANCE,03 24 22 40 62,,,,,,,49.54998,4.926898,,,,Ferme de Saint Quentin,,Adhérente à la marque collective  Ardennes de France .,"Fromage de brebis frais, affiné et sec",,,,,,,,,,,,,,,,,http://cnstlltn.com/master/4e129f32-358d-471b-a58f-071aa288793c/ferme+de+st+quentin+-+credit+photo+chambre+d%27agriculture+des+ardennes++(1).jpg,http://cnstlltn.com/master/7b04044b-4d55-4643-b085-b806a4981b89/logo+adf.jpg,,,,,,,,,,,,,,,,,,,,,,,,,,,,,,,,,,,,,,,,,,français,,,,,,,,,,,,,,,,,,,,,,,,,,,,,,,,,,,,,,,,,,,,,,,,,,,,,,,,,,,,,,,,,,,,,,,,,,,,,,,,,,,,,,,,,,,,,,,,,,,,,,,,,,,,,,,,,,,,,,,,,,,,,,,,,,
COMCHA0080001017,Fromage de Rocroy à la Croix de Fer,Commerce:Service,,Commerces et services divers,,,Produits du terroir,,,,,1824 la Croix de Fer,,,8230,ROCROI,FRANCE,03 24 22 41 50,,,jerome.lenoir951@prange.fr,,,,49.91393,4.519053,,,,Produits fermiers au lait cru,Vente en boutique à Rocroy uniquement,"Beurre, Fromage blanc, fromage de Rocroy, lait, crème, Tomette...","Horaires d'ouverture de la boutique : le mardi, jeudi, vendredi, de 13h30 à 19h, samedi de 10h à 12h30 et de 13h30 à 18h30, le dimanche de 10h à 12h",,,,,,,,,,,,,,,,,http://cnstlltn.com/master/81fbb1c4-5b68-41c5-af0e-217c9c6d7837/tarte+au+fromage+de+rocroi.jpg,http://cnstlltn.com/master/9d6bfbf5-1638-4fdc-83f1-d42b4d5791ab/10383808_810972892305396_4073669992958393512_o.jpg,,,,,,,,,,,,,,,,,,,,,,Autres,,Lenoir,Claudine,,,,,,,,,,,,,,,,,français,,,,,Chèques,Chèques bancaires et postaux,Espèces,,,,,,,,Parking privé,,,,,,,,,,,,,,,,,,,,Animation thématique spécifique,Boutique,,,,,,,,,,,,,,,,,,,,,,,,,,,,,,,,,,,,,,,,,,,,,,,,,,,,,,,,,,,,,,,,,,,,,,,,,,,,,,,,,,,,,,,,,,,,,,
COMCHA0080001034,Fumay Taxis,Commerce:Service,,Commerces et services divers,,,,,,,,,,,8170,FUMAY,FRANCE,,,,,,,,49.99446,4.705971,,,,Fumay Taxis - Ardenne - France,,Bienvenue chez nous pour vos déplacements,TAP ConventionnéGares Aéroports Taxi à la carte Privé,,,,,,,,,,,,,,,,,,,,,,,,,,,,,,,,,,,,,,,,Autres,,,,,,,,,,,,,,,,,,,,français,,,,,,,,,,,,,,,,,,,,,,,,,,,,,,,,,,,,,,,,,,,,,,,,,,,,,,,,,,,,,,,,,,,,,,,,,,,,,,,,,,,,,,,,,,,,,,,,,,,,,,,,,,,,,,,,,,,,,,,,,,,,,,,,,,
COMCHA0080001029,GL-Autoclean,Commerce:Service,,Commerces et services divers,,,Garage,,,,,,,,8320,VIREUX MOLHAIN,FRANCE,,,,,,,,50.08632,4.724539,,,,GL-Autoclean - Vireux-Molhain-Ardenne-France,,"GL-Autoclean, votre expert du nettoyage auto vapeur à domicile.",Déplacement gratuit.Prestations à partir de 20 Toutes les prestations sur :http://www.gl-autoclean.com,,,,,,,,,,,,,,,,,http://cnstlltn.com/master/f5646313-45e5-42ca-913b-318f16ce60ba/car-wash-4-1508128.jpg,,,,,,,,,,,,,,,,,,,,,,,,,,,,,,,,,,,,,,,,,,,français,,,,,,,,,,,,,,,,,,,,,,,,,,,,,,,,,,,,,,,,,,,,,,,,,,,,,,,,,,,,,,,,,,,,,,,,,,,,,,,,,,,,,,,,,,,,,,,,,,,,,,,,,,,,,,,,,,,,,,,,,,,,,,,,,,
COMCHA0080000872,Julopark,Commerce:Service,,Au service de l'enfance,,,,,,,,66 Avenue de la Marne,,,8200,SEDAN,FRANCE,03 10 07 65 24,,,julopark@laposte.net,,http://www.julopark.fr,,49.69707,4.918307,,,,Julopark,,Aire de jeux de 1000m² pour les enfants de 0 à 12 ans,"Une nouvelle structure pour occuper vos enfants, château gonflable multicolore,structure tubulaire de 70m², billard, espace foot, bowling, vélos... pour les enfants de 4 à 12 ans.Quant aux plus petits un espace leur est entièrement dédié, les parents ne sont pas en reste avec un coin détente et un service wifi.Vous pouvez organiser l'anniversaire de votre enfant sur réservation, de même des soirées à thème sont prévues tout au long de l'année.Une halte-garderie surveillée est mise en place soit à l'heure soit à la journée.Le Julopark est ouvert les soirs d'école de 16h à 20h et le mercredi toute la journée de 10h à 22h ainsi que pendant les vacances scolaires et les week-ends.",,,,,,,,,,,,,,,,,http://cnstlltn.com/master/15d39a79-fe40-4d54-9f2b-59bd0a3d34f6/flyer-julopark.jpg,http://cnstlltn.com/master/2e404869-6050-40e8-af6d-6546ae06d934/julopark+1.jpg,http://cnstlltn.com/master/a6a5dc8b-1313-4813-9972-6f0fe1839a36/julopark+2.jpg,,,,,,,,,,,,,,,,,,,,,,,,,,,,,,,,,,,,,,,,,français,,,,,,,,,,,,,,,,,,,,,,,,,,,,,,,,,,,Espace jeux,,,,,,,,,,,,,,,,,,,,,,,,,,,,,,Y,,,,,,,,,,,,,,,,,,,,,,,,,,,,,,,,,,,,,,,,,,,,,,,,,,,,,,,,,,,,,,,,,
COMCHA0080000712,La Boucherie Ardennaise ,Commerce:Service,,Commerces alimentaires,,,Boucherie,,,,,RN 51 ,,,8270,FAISSAULT,FRANCE,03 24 38 84 55,,,,,,,49.60748,4.511433,,,,La Boucherie Ardennaise ,Fabrice NETZER,,"Andouillette, fromage de tête, jambon blanc cuit au torchon.",,,,,,,,,,,,,,,,,http://cnstlltn.com/master/3aeddbc2-d966-46e3-a5de-4dd9467f7ce8/la+boucherie+ardennaise.jpg,http://cnstlltn.com/master/3b55791b-b756-4ab0-a778-98bb00b0b1b6/logo+adf.jpg,http://cnstlltn.com/master/68873438-7b73-4c9a-82b6-21a98388219b/netzer.jpg,,,,,,,,,,,,,,,,,,,,,,,,,,,,,,,,,,,,,,,,,français,,,,,,,,,,,,,,,,,,,,,,,,,,,,,,,,,,,,,,,,,,,,,,,,,,,,,,,,,,,,,,,,,,,,,,,,,,,,,,,,,,,,,,,,,,,,,,,,,,,,,,,,,,,,,,,,,,,,,,,,,,,,,,,,,,
COMCHA0080000916,La Crêp'rit,Commerce:Service,,Commerces alimentaires,,,,,,,,16 place de la république,,,8600,GIVET,FRANCE,06 33 74 90 44,,,,,http://www.facebook.com/pages/La-Crêprit/573768252724094,,50.13521,4.828162,,,,La Crêp'rit-Givet-Ardenne-France,,"Une envie de crêpes ? Rendez-vous à la crêp'rit, place de la république à Givet",Horaire d'ouverture: Du mardi au jeudi de 9h à 17h30Le vendredi de 9h à 21hLe samedi et le dimanche de 13h30 à 21hFermé le lundiHoraires d'été :Ouvert du mardi au dimanche midi et soirDu mardi au vendredi de 11h30 à 13h30 et de 16h30 à 21hSamedi de 13h30 à 21hDimanche 13h30 à 20h30,,,,,,,,,,,,,,,,,http://cnstlltn.com/master/60808e3b-67e6-49b8-a3dd-1555fea1d7f3/10354667_578962075538045_4954780139821147516_n.jpg,,,,,,,,,,,,,,,,,,,,,,,,,,,,,,,,,,,,,,,,,,,français,,,,,,,,,,,,,,,,,,,,,,,,,,,,,,,,,,,,,,,,,,,,,,,,,,,,,,,,,,,,,,,,,,,,,,,,,,,,,,,,,,,,,,,,,,,,,,,,,,,,,,,,,,,,,,,,,,,,,,,,,,,,,,,,,,
COMCHA0080000451,La Poste,Commerce:Service,,Banques et assurances,,,Banque,,,,,"5, rue Pasteur",,,8800,MONTHERME,FRANCE,+33 (0)3 24 53 98 80,,+33 (0)3 24 53 24 22,,,,,49.89996,4.750521,,,,,,,,,,,,,,,,,,,,,,,,,,,,,,,,,,,,,,,,,,,,,,,,,,,,,,,,,,,,,,,,,,,français,,,,,,,,,,,,,,,,,,,,,,,,,,,,,,,,,,,,,,,,,,,,,,,,,,,,,,,,,,,,,,,,,,,,,,,,,,,,,,,,,,,,,,,,,,,,,,,,,,,,,,,,,,,,,,,,,,,,,,,,,,,,,,,,,,
COMCHA0080000652,La Poste,Commerce:Service,,Banques et assurances,,,Banque,,,,,"78, place de l' Hôtel de Ville",,,8120,BOGNY SUR MEUSE,FRANCE,+33 (0)3 24 55 65 43,,,,,,,49.84687,4.754945,,,,,,,,,,,,,,,,,,,,,,,,,,,,,,,,,,,,,,,,,,,,,,,,,,,,,,,,,,,,,,,,,,,français,,,,,,,,,,,,,,,,,,,,,,,,,,,,,,,,,,,,,,,,,,,,,,,,,,,,,,,,,,,,,,,,,,,,,,,,,,,,,,,,,,,,,,,,,,,,,,,,,,,,,,,,,,,,,,,,,,,,,,,,,,,,,,,,,,
COMCHA0080000893,Les Petits Points d'Anaïs,Commerce:Service,,Artisan,,,Divers,,,,,15 rue de l'Enclos,,,8090,CLIRON,FRANCE,03 24 54 98 83,,,sylvie.pouply@wanadoo.fr,,,,49.81338,4.61002,,,,Les Petits Points d'Anaïs,,Adhérent à la marque collective  Ardennes de France ,"Articles de broderie uniques entièrement réalisés à la main et personnalisables: linges de toilette, articles de cuisine, sacs, vêtements.",,,,,,,,,,,,,,,,,http://cnstlltn.com/master/c0c71baa-28d6-4efe-bac0-35d4d94eb82b/photo+tablier+boutique.jpg,http://cnstlltn.com/master/fa473e98-8546-475b-809c-e021828f7b06/logo+adf.jpg,,,,,,,,,,,,,,,,,,,,,,,,,,,,,,,,,,,,,,,,,,français,,,,,,,,,,,,,,,,,,,,,,,,,,,,,,,,,,,,,,,,,,,,,,,,,,,,,,,,,,,,,,,,,,,,,,,,,,,,,,,,,,,,,,,,,,,,,,,,,,,,,,,,,,,,,,,,,,,,,,,,,,,,,,,,,,
COMCHA0080000942,Librairie Plume et Bulle ,Commerce:Service,,Commerces et services divers,,,Librairie,,,,,17 rue Irénée Carré,LIBRAIRIE PLUME ET BULLE,,8000,CHARLEVILLE MEZIERES,FRANCE,06 32 71 05 79,,,contact@plumeetbulle.fr,,,,49.77263,4.719153,,,,LIBRAIRIE PLUME ET BULLE,,,"L'idée était audacieuse et n'a pas attendu pour devenir une réalité. Le projet est de créer une librairie spécialisée dans la bande-dessinée à Charleville-Mézières, café-librairie qui soit avant tout un lieu d'échanges culturels : dédicaces, rencontres, expositions, contes, animations, jeux de rôles, et plus encore. Un nouveau concept à Charleville :-café-librairie associatif avec animations et expositions diverses (cours de dessins par Hervé Gourdet).Un nouveau lieu à découvrir absolument !",,,,,,,,,,,,,,,,,http://cnstlltn.com/master/6ead1201-ae82-4a21-a490-d7f75d018d07/plume+et+bulle.jpg,,,,,,,,,,,,,,,,,,,,,,,Propriétaire,,BELLARD,Elodie,,,,,,,,,,,,,,,,,français,,,,,,,,,,,,,,,,,,,,,,,,,,,,,,,,,,,,,,,,,,,,,,,,,,,,,,,,,,,,,,,,,,,,,,,,,,,,,,,,,,,,,,,,,,,,,,,,,,,,,,,,,,,,,,,,,,,,,,,,,,,,,,,,,,
COMCHA0080000930,Loisir sportif,Commerce:Service,,,,,,,,,,,,,8000,CHARLEVILLE MEZIERES,FRANCE,,,,,,,,49.77932,4.718441,,,,,,,,,,,,,,,,,,,,,,,,,,,,,,,,,,,,,,,,,,,,,,,,,,,,,,,,,,,,,,,,,,,français,,,,,,,,,,,,,,,,,,,,,,,,,,,,,,,,,,,,,,,,,,,,,,,,,,,,,,,,,,,,,,,,,,,,,,,,,,,,,,,,,,,,,,,,,,,,,,,,,,,,,,,,,,,,,,,,,,,,,,,,,,,,,,,,,,
COMCHA0080000903,Maison Jacquemart,Commerce:Service,,Artisan,,,Boucherie,,,,,10 rue du Ménil,,,8200,SEDAN,FRANCE,03 24 29 15 33,,,,,,,49.69965,4.950535,,,,Maison Jacquemart,,Adhérente à la marque collective  Ardennes de France .,Charcuterie artisanale,,,,,,,,,,,,,,,,,http://cnstlltn.com/master/951b963b-9491-4aa0-88c5-f8426d8490cc/terrine+sedanaise.jpg,http://cnstlltn.com/master/bbe2e919-b8e0-4109-bd6e-e550030cac48/logo+adf.jpg,,,,,,,,,,,,,,,,,,,,,,,,,,,,,,,,,,,,,,,,,,français,,,,,,,,,,,,,,,,,,,,,,,,,,,,,,,,,,,,,,,,,,,,,,,,,,,,,,,,,,,,,,,,,,,,,,,,,,,,,,,,,,,,,,,,,,,,,,,,,,,,,,,,,,,,,,,,,,,,,,,,,,,,,,,,,,
COMCHA0080001030,Mass'Art,Commerce:Service,,Commerces et services divers,,,Divers,,,,,2 rue du Maréchal Leclerc,,,8600,GIVET,FRANCE,03 24 42 66 86,,,latelier-massart@orange.fr,,,,50.1391,4.822688,,,,Mass'Art - Givet-Ardenne-France,,Serrurerie - Ferronnerie artisanale.,,,,,,,,,,,,,,,,,,http://cnstlltn.com/master/30c17787-cbc6-4c04-9b18-7aca11462ff0/ironwork-1197437.jpg,,,,,,,,,,,,,,,,,,,,,,,,,,,,,,,,,,,,,,,,,,,français,,,,,,,,,,,,,,,,,,,,,,,,,,,,,,,,,,,,,,,,,,,,,,,,,,,,,,,,,,,,,,,,,,,,,,,,,,,,,,,,,,,,,,,,,,,,,,,,,,,,,,,,,,,,,,,,,,,,,,,,,,,,,,,,,,
COMCHA0080001028,Meca Pneus 08,Commerce:Service,,Commerces et services divers,,,Garage,,,,,50A rue Oger,,,8600,GIVET,FRANCE,03 24 54 98 67,,,meca-pneus-08@orange.fr,,,,50.13213,4.834275,,,,Meca pneus 08 ,,Vente et montage de pneumatiques été - hiver.,"Montage de pneumatiques sur véhicules tourisme - utilitaire - 4x4 - Quad - Moto - Agricole.Sur RENDEZ-VOUS - Tel. 0 24 54 98 67Nettoyage intérieur-extérieur-mécanique générale.Partenaire Allopneus, centrale pneus, 123 pneus, 1001 pneus, tribupneus Des spécialistes à votre service.",,,,,,,,,,,,,,,,,http://cnstlltn.com/master/436326da-d4c6-46b9-9672-bcc5427e6426/tire-1-1454287.jpg,,,,,,,,,,,,,,,,,,,,,,,,,,,,,,,,,,,,,,,,,,,français,,,,,,,,,,,,,,,,,,,,,,,,,,,,,,,,,,,,,,,,,,,,,,,,,,,,,,,,,,,,,,,,,,,,,,,,,,,,,,,,,,,,,,,,,,,,,,,,,,,,,,,,,,,,,,,,,,,,,,,,,,,,,,,,,,
COMCHA0080000619,Médiathèque ,Commerce:Service,,,,,,,,,,"36, rue Pasteur",,,8800,MONTHERME,FRANCE,+33 (0)3 24 53 07 50,,+33 (0)3 24 53 07 50,mediatheque-montherme@wanadoo.fr,,,,49.89996,4.750521,,,,,,,,,,,,,,,,,,,,,,,,,,,,,,,,,,,,,,,,,,,,,,,,,,,,,,,,,,,,,,,,,,,français,,,,,,,,,,,,,,,,,,,,,,,,,,,,,,,,,,,,,,,,,,,,,,,,,,,,,,,,,,,,,,,,,,,,,,,,,,,,,,,,,,,,,,,,,,,,,,,,,,,,,,,,,,,,,,,,,,,,,,,,,,,,,,,,,,
COMCHA0080000842,Médiathèque Municipale Georges Delaw de Sedan,Commerce:Service,,Equipements culturels,,,,,,,,Corne de Soissons,Médiathèque Municipale,,8200,SEDAN,FRANCE,03 24 29 26 48,,,mediatheque@ville-sedan.fr,,http://www.bm-sedan.fr/,,49.70042,4.943086,,,,Médiathèque Municipale Georges Delaw,,Ouverte toute l'annéeFermé le lundi,"La Médiathèque municipale Georges Delaw propose la consultation sur place et le prêt à domicile d'un ensemble de documents :livres et livres audio, revues et journaux, bande dessinées, CD audio, DVD ou encore partitions musicales.Elle permet également la consultation sur place de documents anciens comme les archives municipales, les fonds patrimonial et le fonds local.Il est également possible de consulter librement internet et les bases de données d'images numérisées.Expositions, spectacles, concerts, conférences, lectures, rencontres, ateliers sont présentés tout au long de l'année, de nombreuses animations en direction des adultes et/ou des enfants.La consultation sur place des livres, revues, journaux et bandes dessinées est libre et gratuite, comme toutes les animations qu'elle propose.",,,,,,,,,,,,,,,,,http://cnstlltn.com/master/66da181d-d14c-4a97-9be6-23798cd68734/mediatheque1.gif,http://cnstlltn.com/master/b2e1b3aa-3dcc-43a1-b6ff-12115026a34d/hugo_boris_sedan_1.jpg,http://cnstlltn.com/master/168d9aa3-a7bc-407c-ae56-4a08638d7c11/mediatheque-de-sedan.jpg,,,,,,,,,,,,,,,,,,,,,,,,,,,,,,,,,,,,,,,,,français,,,,,,,,,,,,,,,,,,,,,,,,,,,,,,,,,,,,,,,,,,,,,,,,,,,,,,,,,,,,,,,,,,,,,,,,,,,,,,,,,,,,,,,,,,,,,,,,,,,,,,,,,,,,,,,,,,,,,,,,,,,,,,,,,,
COMCHA0080000888,Meunerie  Moulin des Etangs ,Commerce:Service,,Artisan,,,Divers,,,,,Moulin des Etangs,,,8160,HANNOGNE ST MARTIN,FRANCE,03 24 54 01 72,,,moulindesetangs@wanadoo.fr,,,,49.67665,4.822849,,,,Meunerie  Moulin des Etangs ,,Adhérent à la marque collective  Ardennes de France .,"Farine de qualité supérieure, utilisée pour la fabrication du Pain pavé d'Ardenne.",,,,,,,,,,,,,,,,,http://cnstlltn.com/master/54aac92b-2ebc-4e07-9f48-7e0ae77c5e4f/moulindesetangs.jpg,http://cnstlltn.com/master/7800d919-af1a-487b-900a-76eba8a6cae6/logo+adf.jpg,,,,,,,,,,,,,,,,,,,,,,,,,,,,,,,,,,,,,,,,,,français,,,,,,,,,,,,,,,,,,,,,,,,,,,,,,,,,,,,,,,,,,,,,,,,,,,,,,,,,,,,,,,,,,,,,,,,,,,,,,,,,,,,,,,,,,,,,,,,,,,,,,,,,,,,,,,,,,,,,,,,,,,,,,,,,,
COMCHA0080000914,Mister Kebab,Commerce:Service,,Commerces alimentaires,,,Divers,,,,,17 rue Chanzy,,,8600,GIVET,FRANCE,03 24 56 37 08,,,,,http://www.facebook.com/pages/Mister-kebab/425965377474430,,50.14516,4.839093,,,,Mister Kebab - Givet-Ardenne-France,,Restauration rapide: Mister Kebab au 17 de la rue Chanzy.,Horaires d'ouverture: Du lundi au vendredi de 11h à 13h30 et de 17h30 à 23hSamedi et dimanche de 17h30 à 23hSur place ou à emporter,,,,,,,,,,,,,,,,,http://cnstlltn.com/master/5b083a87-a2de-4fc1-90c9-1c5f8cc463db/doner-1135362-m.jpg,http://cnstlltn.com/master/9737edeb-ff23-4fea-99c5-a01d00b1c937/1011086_277429625767202_1464963347_n.jpg,http://cnstlltn.com/master/d4376c63-9b45-49f4-9db0-0053cd6c51fc/1947559_270783293098502_505158826_n.jpg,,,,,,,,,,,,,,,,,,,,,,,,,,,,,,,,,,,,,,,,,français,,,,,,,,,,,,,,,,,,,,,,,,,,,,,,,,,,,,,,,,,,,,,,,,,,,,,,,,,,,,,,,,,,,,,,,,,,,,,,,,,,,,,,,,,,,,,,,,,,,,,,,,,,,,,,,,,,,,,,,,,,,,,,,,,,
COMCHA0080000840,MJC Calonne,Commerce:Service,,Equipements culturels,,,,,,,,Place Calonne,,,8200,SEDAN,FRANCE,03 24 27 09 75,,,m.j.c.calonne@wanadoo.fr,,http://www.mjc-calonne.com/,,49.6999,4.944535,,,,MJC Calonne,,Ouvert toute l'année.,Retrouvez notre programme et nos activités sur www.mjc-calonne.com,,,,,,,,,,,,,,,,,,,,,,,,,,,,,,,,,,,,,,,,,,,,,,,,,,,,,,,,,,,,français,,,,,,,,,,,,,,,,,,,,,,,,,,,,,,,,,,,,,,,,,,,,,,,,,,,,,,,,,,,,,,,,,,,,,,,,,,,,,,,,,,,,,,,,,,,,,,,,,,,,,,,,,,,,,,,,,,,,,,,,,,,,,,,,,,
COMCHA0080000841,MJC Centre Social Torcy Cités,Commerce:Service,,Equipements culturels,,,,,,,,"75, Avenue Marne",,,8200,SEDAN,FRANCE,03 24 27 60 31,,,,,,,49.69848,4.936284,,,,MJC Centre Social Torcy Cités,,Ouvert toute l'année.,,,,,,,,,,,,,,,,,,,,,,,,,,,,,,,,,,,,,,,,,,,,,,,,,,,,,,,,,,,,,français,,,,,,,,,,,,,,,,,,,,,,,,,,,,,,,,,,,,,,,,,,,,,,,,,,,,,,,,,,,,,,,,,,,,,,,,,,,,,,,,,,,,,,,,,,,,,,,,,,,,,,,,,,,,,,,,,,,,,,,,,,,,,,,,,,
COMCHA0080000945,Monde Actuel Voyages - Agence réceptive,Commerce:Service,,Commerces et services divers,,,Agence de voyages,,,,,17 Avenue Jean Jaurès,,,8000,CHARLEVILLE MEZIERES,FRANCE,+33(0)3.24.59.02.53,,+33(0)3.24.59.20.30,mondeactuelvoyages@orange.fr,,,,49.77932,4.718441,,,,,,,,,,,,,,,,,,,,,,,,http://cnstlltn.com/master/db4557a8-d2cf-4d8a-92a2-b49552144d09/images.png,,,,,,,,,,,,,,,,,,,,,,,,,,,,,,,,,,,,,,,,,,,français,,,,,,,,,,,,,,,,,,,,,,,,,,,,,,,,,,,,,,,,,,,,,,,,,,,,,,,,,,,,,,,,,,,,,,,,,,,,,,,,,,,,,,,,,,,,,,,,,,,,,,,,,,,,,,,,,,,,,,,,,,,,,,,,,,
COMCHA0080000943,OFFICE DE TOURISME DE CHARLEVILLE-MEZIERES ET SA REGION,Commerce:Service,,Associations,,,Agence de voyages,,,,,4 place Ducale,Office de Tourisme de Charleville-Mézières,,8000,CHARLEVILLE MEZIERES,FRANCE,03 24 55 69 90,,03 24 55 69 89,charl.mez@orange.fr,,http://www.charleville-tourisme.com,,49.77397,4.719927,IM82,,,,,,,,,,,,,,,,,,,,,,,,,,,,,,,,,,,,,,,,,,,,,,,,,,,,,,,,,,,,,,,,,,français,,,,,,,,,,,,,,,,,,,,,,,,,,,,,,,,,,,,,,,,,,,,,,,,,,,,,,,,,,,,,,,,,,,,,,,,,,,,,,,,,,,,,,,,,,,,,,,,,,,,,,,,,,,,,,,,,,,,,,,,,,,,,,,,,,
COMCHA0080000898,Orchestre Anthracite ,Commerce:Service,,Autres équipements,,,Divers,,,,,32 rue de Labie,,,8150,SECHEVAL,FRANCE,0324 33 23 10,,,,,,,49.85918,4.660799,,,,Orchestre Anthracite ,,Adhérent à la marque collective  Ardennes de France .,Orchestre qui a gardé la tradition des bals populaires ardennais.,,,,,,,,,,,,,,,,,http://cnstlltn.com/master/e6b3b125-0afc-403f-8136-f733b6485224/orchestre+anthracite+2.jpg,http://cnstlltn.com/master/5a29ca65-0a78-40eb-b911-670d72c2eb5c/logo+adf.jpg,,,,,,,,,,,,,,,,,,,,,,,,,,,,,,,,,,,,,,,,,,français,,,,,,,,,,,,,,,,,,,,,,,,,,,,,,,,,,,,,,,,,,,,,,,,,,,,,,,,,,,,,,,,,,,,,,,,,,,,,,,,,,,,,,,,,,,,,,,,,,,,,,,,,,,,,,,,,,,,,,,,,,,,,,,,,,
COMCHA0080001025,Orthophoniste Melle SCHMITT Antinéa,Commerce:Service,,Services médicaux et paramédicaux,,,,,,,,12 esplanade Jacques Sourdille,Pôle santé de la Pointe,,8600,GIVET,FRANCE,07 68 44 90 35,,,,,,,50.14516,4.839093,,,,Orthophoniste Melle SCHMITT Antinéa,Pôle santé de la Pointe,,Consultations orthophoniste au pôle santé de la Pointe sur Rendez-vous au 07 68 44 90 35.,,,,,,,,,,,,,,,,,http://cnstlltn.com/master/7bc7d72b-2a65-46a4-9132-8dab5827693e/9aa3fe71-bb84-4f17-9e3d-0117f5e8e0f7_134.jpg,,,,,,,,,,,,,,,,,,,,,,,,,,,,,,,,,,,,,,,,,,,français,,,,,,,,,,,,,,,,,,,,,,,,,,,,,,,,,,,,,,,,,,,,,,,,,,,,,,,,,,,,,,,,,,,,,,,,,,,,,,,,,,,,,,,,,,,,,,,,,,,,,,,,,,,,,,,,,,,,,,,,,,,,,,,,,,
COMCHA0080000922,Pension canine/féline - La Toutounière,Commerce:Service,,Commerces et services divers,,,Animaux / Vétérinaire,,,,,Route de Vrigne-Meuse,,Zac du Boitron,8440,VIVIER AU COURT,FRANCE,03 24 52 11 89,,03 24 32 12 77,contact@latoutouniere.fr,,http://www.latoutouniere.fr,,49.72336,4.839508,,,,Pension canine / féline - La Toutounière,Le plus centre canin de France,"Nous nous occuperons de votre animal pendant vos vacances, ou vos week-ends. PARTEZ TRANQUILLES !!!","La Toutounière a été crée en 1994. Spécialisée dans le domaine canin, avec plus de 18 ans d'expérience, la Toutounière leader sur la Champagne-Ardennes, étend aujourdhui ces compétences sur la France entière grâce au site de vente en ligne. Avec un showroom de 300 m2 et des milliers de références présentées, la Toutounière importe directement ses produits des fabricants du monde entier afin de vous faire profiter des meilleurs prix en évitant les intermédiaires.LA TOUTOUNIERE est notamment spécialisé dans la vente de poussettes pour chien et chats, de buggy, caisse de transport chien et sac de transport pour animaux. Mais aussi de poussettes Innopet pour chien. Nous vendons également le plus grand choix du net de canapés cuir et canapé simili cuir pour chien. nous sommes également spécialisé en accessoires de toilettage, table de toilettage, table pliante, table hydraulique, table électrique tondeuse chien, tondeuse électrique; tondeuse sans fil, séchoir, pulseur et l'un des plus grand choix de vêtement pour chien de France.Nous proposons de nombreux services au sein de La Toutounière :- piscine ; salle de sport ; Balnéothérapie, sauna pour animaux- formation attestation d'aptitude.- éducation, dressage, problèmes de comportement.- pension chiens et chats - vente en magasin et en ligne ;- toilettage chien et chat.Ouverture :Du Lundi au vendredi: de 9h à 12h et de 14h à 19hLe Samedi: de 9h à 19hSite vitrine : www.latoutouniere.frSite de ventes : www.shop.latoutouniere.frMail : contact@latoutouniere.fr",Canine / feline board - The Toutounière,Most canine center of France,"We will take care of your pet during your holiday, or weekends. STILL GO !!!","Gym for dogs and cats (Aquariothérapie, Spa Therapy, Physiotherapy, Cosmetology, Training, Massage, Rehabilitation), grooming, education, shop ... All year pension for updated their animal vaccines and identification. Pension all races. Everything to please your 4 legged companion ... From Monday to Saturday From 9am to 12am and from 2pm to 7pm",,,,,,,,,,,,,,,,,,,,Animaux acceptés,Accès handicapés,,,,,,,,,,,,,,,,,,,,,,,,,,,,,,,,,,,français,,,,,,,,,,,,,,,,,,,,,,,,,,,,,,,,,,,Boutique,,,,,,,,,,,,,,,,,,,,,,,,,,,,,,,,,,,,,,,,,,,,,,,,,,,,,,,,,,,,,,,,,,,,,,,,,,,,,,,,,,,,,,,,,,,,,,,
COMCHA0080000417,Multimedia Point in Givet,Commerce:Service,,Points multimédia,,,Librairie,,,,,"18, rue Méhul",Centre Culturel Pierre Tassin,,8600,GIVET,FRANCE,03 24 41 74 35,,,,,,,50.1375,4.82292,,,,Point multimédia Givet,,Point d'accès multimédia au Centre Culturel Pierre Tassin à Givet,Horaires d'ouverture: Lundi : 14h00 à 18h00Mardi : 14h00 à 17h00Mercredi : 14h00 à 18h00Jeudi : 14h00 à 18h00Vendredi : 14h00 à 19h00,Multimedia point in Givet,,Multimedia access is situated at the Cultural Center named Pierre Tassin in Givet,Opening hours: Monday: 2:00 pm to 6:00 pmTuesday: 2:00 pm to 5:00 pmWednesday: 2:00 pm. to 6:00 pmThursday: 2:00 pm to 6:00 pm Friday: 2:00 pm to 7:00 pm,,,,,,,,,,,,,http://cnstlltn.com/master/becc5958-8ea8-4aca-a0c9-cf6b418e3a32/becc5958-8ea8-4aca-a0c9-cf6b418e3a32_134.jpg,,,,,,,,,,,,,,,,,,,,,,,,,,,,,,,,,,,,,,,,,,,français,,,,,,,,,,,,,,,,,,,,,,,,,,,,,,,,,,,,,,,,,,,,,,,,,,,,,,,,,,,,,,,,,,,,,,,Impression A3 noir et blanc,0.00,0.20,Impression A4 couleur,0.00,0.50,Connexion Internet,0.00,1.50,Impression A4 noir et blanc,0.00,0.10,,,,,,,,,,,,,,,,,,,,,,,,,,,,,,,,,,,,,,,,,,,,,,,,
COMCHA0080001026,Pôle santé de la Pointe,Commerce:Service,,Services médicaux et paramédicaux,,,,,,,,12 esplanade Jacques Sourdille,,,8600,GIVET,FRANCE,,,,,,,,50.14516,4.839093,,,,Pôle santé de la Pointe - Givet-Ardenne-France,,"Regroupement de médecins généralistes, médecins spécialisés, professionnels de la santé à votre service.",Caisse primaire d'assurance maladie (CPAM) Du lundi au vendredi de 9h à 12h et de 13h30 à 16h30Pour plus d'informations : http://www.ameli.fr Tel. 3646Cabinet médical Horaires d'ouverture de 7h30 à 18hDocteurs à votre service : Dr Elmelani et Dr Pollet (consultations sur RDV)Psychologue à votre service : Dr Neuvens Véronique (consultations sr RDV)Tél. 03 24 42 01 56Kinésithérapeutes LECOMTE Frédéric et Sophie Cabinet de balnéothérapie et de rééducationDu lundi au vendredi de 9h à 12h et de 13h à 18hTel. 03 24 42 20 21Orthophoniste Melle SCHMITT Antinéa Sur rendez-vous au 07 68 44 90 35,,,,,,,,,,,,,,,,,http://cnstlltn.com/master/c9b6cac3-e152-45e5-a159-95ff6734b696/caduceus-1245442.jpg,,,,,,,,,,,,,,,,,,,,,,,,,,,,,,,,,,,,,,,,,,,français,,,,,,,,,,,,,,,,,,,,,,,,,,,,,,,,,,,,,,,,,,,,,,,,,,,,,,,,,,,,,,,,,,,,,,,,,,,,,,,,,,,,,,,,,,,,,,,,,,,,,,,,,,,,,,,,,,,,,,,,,,,,,,,,,,
COMCHA0080000701,Potier Céramiste - Eric PAHON - Terres de l'Est ,Commerce:Service,,Commerces et Artisanats dArt ,,,Galerie d'art,,,,,"11, Route de Boutancourt",,,8160,SAPOGNE ET FEUCHERES,FRANCE,03 24 54 22 58,,,terresdelest@gmail.com,,http://www.terresdelest.fr,,49.66116,4.794569,,,,Eric PAHON Potier Céramiste,,,"Eric PAHON - Terres de l'EstPoterie, céramique, bijoux, grès de Saint-Amand et porcelaineAtelier-boutique.Samedi 14h30 - 19h00. Dimanche 14h30 - 18h00. La semaine sur Rendez-vous.Vidéo explicative de 20 minutes puis présentation des techniques pratiquées par Monsieur PAHON. Boutique de produits sur place.Fermé en Août, septembre, janvier et février.http://www.terresdelest.fr/",,,,,,,,,,,,,,,,,http://cnstlltn.com/master/4912975e-04e2-4c92-b86a-2e2f2aff5a5b/4912975e-04e2-4c92-b86a-2e2f2aff5a5b_134.jpg,http://cnstlltn.com/master/1e7439bf-f761-45e8-8654-9d921738b739/1e7439bf-f761-45e8-8654-9d921738b739_134.jpg,,,,,,,,,,,,,,,,,,,,,,,,,,,,,,,,,,,,,,,,,,français,,,,,,,,,,,,,,,,,,,,,,,,,,,,,,,,,,,,,,,,,,,,,,,,,,,,,,,,,,,,,,,,,,,,,,,,,,,,,,,,,,,,,,,,,,,,,,,,,,,,,,,,,,,,,,,,,,,,,,,,,,,,,,,,,,
COMCHA0080001008,Produits du terroir à l'office de tourisme de Rocroy,Commerce:Service,,Commerces et services divers,,,Produits du terroir,,,,,14 place d'Armes,,,8230,ROCROI,FRANCE,324542006,,,,,,,49.92305,4.520916,,,,Office de Tourisme de Rocroy,Ouvert tous les jours de 10à 12h et de 14h à 17h,Quelques produits de terroir sont proposés à la vente à l'intérieur de l'établissement pendant les horaires d'ouverture.,"Bière l'Ardwen, l'Obscur, la Woinic, vendu en coffretJus de pommes vendu à l'unité Cuvée 14/18 de Lallobbe vendu à l'unité  Cidre brut et demi sec de Warnécourt vendu à l'unité Terrine de dinde rouge, rillette, plat cuisiné vendu à l'unité Miel en 250 et 500g Confiture de fruit pot de 250 et 400g Figurine en plomb de la guerre de Napoléon Bonaparte  Divers livres, de la ville, de cuisine, des Ardennes... Cartes postales.",,,,,,,,,,,,,,,,,http://cnstlltn.com/master/176fe233-f00f-451b-a21c-c6d47f4bf558/img_7391boutique3.jpg,http://cnstlltn.com/master/2f50f893-2203-42a2-9a62-dd4d321b5e4f/images+(1).jpg,http://cnstlltn.com/master/c1531a93-4b4c-47f2-a5f4-926e1e1a689f/img_7389boutique.jpg,,,,,Animaux acceptés,Accès handicapés,,,,,,,,,,,,,,,,,,,,,,,,,,,,,,,,,,,français,anglais,néerlandais,,,Chèques bancaires et postaux,Espèces,,,,,,,,,,,,,,,,,,,,,,,,,,,,,Boutique,,,,,,,,,,,,,,,,,,,,,,,,,,,,,,,,,,,,,,,,,,,,,,,,,,,,,,,,,,,,,,,,,,,,,,,,,,,,,,,,,,,,,,,,,,,,,,,
COMCHA0080001013,Produits du Terroir au Point information ,Commerce:Service,,Commerces et services divers,,,Produits du terroir,,,,,2 place de l eglise,,,8380,SIGNY LE PETIT,FRANCE,324535544,,,tourisme@signy-le-petit.com,,http://www.signy-le-petit.com,,49.90305,4.280021,,,,Présentation de produits du terroir,Au point information de Signy le petit à côté de la Mairie,"Ouvert le lundi de 14h à 17h, mardi, jeudi, vendredi et samedi de 10h à 12h et de 14h à 17h","Bière Ardwen, Obscure et Woinic vendu en coffret ou avec un verre.Cidre brut, demi sec, Cuvée du Soldat, Jus de pommes vendu à la bouteille Livres : les Ardennes, les Eglises Fortifiées. Terrines et plats cuisinés de dinde rouge confitures, Miel Cartes Postales du village et du territoire du Nord Ouest Ardennais.",,,,,,,,,,,,,,,,,http://cnstlltn.com/master/75094d18-4b85-4d63-ad62-64313063f85b/wp_20151026_003.jpg,http://cnstlltn.com/master/308464ac-1075-478d-8eb8-411145ecca1a/wp_20151026_003.jpg,http://cnstlltn.com/master/84e0c293-f80f-4a1b-a702-8eae6d8f2edd/wp_20151026_004.jpg,,,,,Animaux acceptés,,,,,,,,,,,,,,,,,,,,,,,,,,,,,,,,,,,,français,anglais,néerlandais,,,Chèques bancaires et postaux,Espèces,,,,,,,,,,,,,,,,,,,,,,,,,,,,,Boutique,,,,,,,,,,,,,,,,,,,,,,,,,,,,,,,,,,,,,,,,,,,,,,,,,,,,,,,,,,,,,,,,,,,,,,,,,,,,,,,,,,,,,,,,,,,,,,,
COMCHA0080001010,Produits du terroirs au Domaine de la Motte,Commerce:Service,,Commerces et services divers,,,Produits du terroir,,,,,Le Pré Hugon base de loisirs,,,8380,SIGNY LE PETIT,FRANCE,03 24 53 54 73,,,campingprehugon@wanadoo.fr,,http://www.domainedelamotte.eu,,49.91331,4.287393,,,,Produits du terroir au Domaine de la Motte,A l'intérieur de l'accueil ,,"Un vitrine réfrigérée présente divers produits de chez Ardennes salaison, jambon, boudin blanc, saucisson présentés en assiette sous vide. Coffret de bières Ardwen, confiture, cidre, jus de pommes. Terrines de dinde rouge.",,,,,,,,,,,,,,,,,http://cnstlltn.com/master/b57242bf-7c0d-451a-a18d-973188aa15d9/photo+028.jpg,,,,Accueil Vélo,,,Animaux acceptés,,,,,,,,,,,,,,,,,,,,,,,,,,,,,,,,,,,,français,,,,,Chèques,Chèques bancaires et postaux,Chèques Vacances,,,,,,,,Spa,,,,,,,,,,,,,,,,,,,,Bar / buvette,Espace jeux,Location de salles,Restaurant,Traiteur,Wifi,,,,,,,,,,,,,,,,,,,,,,,,,,,,,,,,,,,,,,,,,,,,,,,,,,,,,,,,,,,,,,,,,,,,,,,,,,,,,,,,,,,,,,,,,,
COMCHA0080001021,Sarl Ocealine (Bouyghes),Commerce:Service,,Commerces et services divers,,,Téléphonie,,,,,16 rue de la République,Sarl Océaline,,8000,CHARLEVILLE MEZIERES,FRANCE,03 24 37 32 16,,,,,,,49.77282,4.72011,,,,,,,,,,,,,,,,,,,,,,,,,,,,,,,,,,,,,,,,,,,,,,,,,,,,,,,,,,,,,,,,,,,français,,,,,,,,,,,,,,,,,,,,,,,,,,,,,,,,,,,,,,,,,,,,,,,,,,,,,,,,,,,,,,,,,,,,,,,,,,,,,,,,,,,,,,,,,,,,,,,,,,,,,,,,,,,,,,,,,,,,,,,,,,,,,,,,,,
COMCHA0080000884,SARL Aux saveurs d'Ardennes ,Commerce:Service,,Artisan,,,Boucherie,,,,,ZAC Du Grand Ban,,,8000,LA FRANCHEVILLE,FRANCE,03 24 57 63 99,,,,,http://www.auxsaveursdardennes.com/fr/,,49.72897,4.712943,,,,SARL Aux saveurs d'Ardennes ,,Adhérent à la marque collective  Ardennes de France .,"Produits régionaux : Jambon sec (non fumé, salé manuellement et affiné pendant 9 mois minimum), saucisson sec, pâté en croûte et autres spécialités charcutières",,,,,,,,,,,,,,,,,http://cnstlltn.com/master/8e1edb8b-3c19-4fe4-9abd-2eb0b809547d/a5+recto.jpg,http://cnstlltn.com/master/ba65ca5c-0ddb-4fa7-bc8c-a1ee80814698/aux+saveurs+dardennes+1+.jpg,http://cnstlltn.com/master/54fdf011-658f-40cd-8ab8-fdaf16ce57cb/logo+adf.jpg,,,,,,,,,,,,,,,,,,,,,,,,,,,,,,,,,,,,,,,,,français,,,,,,,,,,,,,,,,,,,,,,,,,,,,,,,,,,,,,,,,,,,,,,,,,,,,,,,,,,,,,,,,,,,,,,,,,,,,,,,,,,,,,,,,,,,,,,,,,,,,,,,,,,,,,,,,,,,,,,,,,,,,,,,,,,
COMCHA0080000635,Séminaires et réunions - Central Park,Commerce:Service,,Location de salles,,,,,,,,Esplanade Montjoly,,,8000,CHARLEVILLE MEZIERES,FRANCE,+33 (0)3 24 54 00 00,,,danila.decamp@lecentralpark.com ,,http://www.lecentralpark.fr,,49.77291,4.715753,,,,Séminaires et réunions - Central Park ,,,"Envie d'un concept innovant pour vos réunions?Vous êtes chef d'entreprise, responsable secteur, DRH, et vous cherchez une idée originale et divertissante pour vos prochaines réunions, alors n'hésitez plus.Nous vous proposons diverses possibilités pour vos séminaires: de la réunion suivie d'une partie de bowling aux séminaires tout compris sur plusieurs jours. Organisation de séminaires :- Salle de réunion sur 120m² (écran plasma, vidéo-projecteur, WIFI)- Activités indoor/outdoor (bowling, laser, acro-branche, quad, ...)- Hébergements (hôtels 3*, gîtes ruraux, ...)- Restauration (gastronomique, spécialités, cuisines du monde)- Transports organisés (TGV, bus, voiture, ...)",,,,,,,,,,,,,,,,,http://cnstlltn.com/master/70913caa-9a4b-46ed-9f80-039e1b282718/70913caa-9a4b-46ed-9f80-039e1b282718_134.jpg,,,,,,,,,,,,,,,,,,,,,,,,,,,,,,,,,,,,,,,,,,,français,,,,,,,,,,,,,,,,,,,,,,,,,,,,,,,,,,,,,,,,,,,,,,,,,,,,,,,,,,,,,,,,,,,,,,,,,,,,,,,,,,,,,,,,,,,,,,,,,,,,,,,,,,,,,,,,,,,,,,,,,,,,,,,,,,
COMCHA0080001027,Smile market,Commerce:Service,,Commerces et services divers,,,,,,,,28 rue Notre-Dame,,,8600,GIVET,FRANCE,,,,,,,,50.13512,4.831811,,,,Smile market - Givet-Ardenne-France,,Ouverture d'un Smile market au 28 rue Notre-Dame à Givet.,"Alimentation générale, fruits et légumes, charcuterie et fromage à la coupe, épices et de nombreux autres produits...Horaires d'ouverture :Tous les jours de 8h45 à 20h45",,,,,,,,,,,,,,,,,http://cnstlltn.com/master/f4900c69-f01a-41d0-8617-a6d6ee00035a/img_0758.jpg,,,,,,,,,,,,,,,,,,,,,,,,,,,,,,,,,,,,,,,,,,,français,,,,,,,,,,,,,,,,,,,,,,,,,,,,,,,,,,,,,,,,,,,,,,,,,,,,,,,,,,,,,,,,,,,,,,,,,,,,,,,,,,,,,,,,,,,,,,,,,,,,,,,,,,,,,,,,,,,,,,,,,,,,,,,,,,
COMCHA0080000549,Société Générale,Commerce:Service,,Banques et assurances,,,Banque,,,,,"8, grande rue",,,8800,LES HAUTES RIVIERES,FRANCE,+33 (0)3 24 53 43 06,,,,,,,49.89852,4.86587,,,,,,,,,,,,,,,,,,,,,,,,,,,,,,,,,,,,,,,,,,,,,,,,,,,,,,,,,,,,,,,,,,,français,,,,,,,,,,,,,,,,,,,,,,,,,,,,,,,,,,,,,,,,,,,,,,,,,,,,,,,,,,,,,,,,,,,,,,,,,,,,,,,,,,,,,,,,,,,,,,,,,,,,,,,,,,,,,,,,,,,,,,,,,,,,,,,,,,
COMCHA0080001022,Vente de  Pommes de Terre du Pays,Commerce:Service,,Commerces et services divers,,,Primeur,,,,,1 la Tour du Vent,,,8380,AUGE,FRANCE,03 24 54 30 75,,,pinteaux.christophe@orange.fr,,,,49.85654,4.278116,,,,Vente de Pomme de Terre de Pays,,Sur rendez-vous,,,,,,,,,,,,,,,,,,http://cnstlltn.com/master/3fe5b922-948d-4ff9-a3e4-fc137b9cb08d/90526594_o.jpg,,,,,,,,,,,,,,,,,,,,,,,,,,,,,,,,,,,,,,,,,,,français,,,,,Espèces,,,,,,,,,,,,,,,,,,,,,,,,,,,,,,,,,,,,,,,,,,,,,,,,,,,,,,,,,,,,,,,,,,,,,,,,,,,,,,,,,,,,,,,,,,,,,,,,,,,,,,,,,,,,,,,,,,,,,,,,,,,,,
