ID,TITRE,TYPE,SSTYPE,CATEGORIE,STYLE,EVENEMENT,THEME1,THEME2,THEME3,RAISONSOCIALE,ADRESSE1,ADRESSE2,ADRESSE3,CODEPOSTAL,COMMUNE,PAYS,TEL1,TEL2,FAX,EMAIL1,EMAIL2,WEB1,WEB2,GPSX,GPSY,SIRET,APE,RCS,DESCRIPTIF_TITRE_FRANCAIS,DESCRIPTIF_SSTITRE_FRANCAIS,DESCRIPTIF_CHAPEAU_FRANCAIS,DESCRIPTIF_ARTICLE_FRANCAIS,DESCRIPTIF_TITRE_ANGLAIS,DESCRIPTIF_SSTITRE_ANGLAIS,DESCRIPTIF_CHAPEAU_ANGLAIS,DESCRIPTIF_ARTICLE_ANGLAIS,DESCRIPTIF_TITRE_ALLEMAND,DESCRIPTIF_SSTITRE_ALLEMAND,DESCRIPTIF_CHAPEAU_ALLEMAND,DESCRIPTIF_ARTICLE_ALLEMAND,DESCRIPTIF_TITRE_ESPAGNOL,DESCRIPTIF_SSTITRE_ESPAGNOL,DESCRIPTIF_CHAPEAU_ESPAGNOL,DESCRIPTIF_ARTICLE_ESPAGNOL,DESCRIPTIF_TITRE_ITALIEN,DESCRIPTIF_SSTITRE_ITALIEN,DESCRIPTIF_CHAPEAU_ITALIEN,DESCRIPTIF_ARTICLE_ITALIEN,PHOTO1,PHOTO2,PHOTO3,CLASSEMENT,LABEL1,LABEL2,LABEL3,ANIMAUX,HANDICAPE,TOURISME_HANDICAP1,TOURISME_HANDICAP2,TOURISME_HANDICAP3,TOURISME_HANDICAP4,DATEDU1,DATEAU1,DATEDU2,DATEAU2,DATEDU3,DATEAU3,DATEDU4,DATEAU4,DATEDU5,DATEAU5,CONTACT1TYPE,CONTACT1CIVI,CONTACT1NOM,CONTACT1PRENOM,CONTACT1FONCTION,CONTACT1EMAIL,CONTACT1TEL,CONTACT1FAX,CONTACT2TYPE,CONTACT2CIVI,CONTACT2NOM,CONTACT2PRENOM,CONTACT2FONCTION,CONTACT2EMAIL,CONTACT2TEL,CONTACT2FAX,CHAINE1,CHAINE2,CHAINE3,CHAINE4,LANGUE1,LANGUE2,LANGUE3,LANGUE4,LANGUE5,MODE_PAIEMENT1,MODE_PAIEMENT2,MODE_PAIEMENT3,MODE_PAIEMENT4,MODE_PAIEMENT5,MODE_PAIEMENT6,MODE_PAIEMENT7,MODE_PAIEMENT8,MODE_PAIEMENT9,MODE_PAIEMENT10,EQUIPEMENT1,EQUIPEMENT2,EQUIPEMENT3,EQUIPEMENT4,EQUIPEMENT5,EQUIPEMENT6,EQUIPEMENT7,EQUIPEMENT8,EQUIPEMENT9,EQUIPEMENT10,EQUIPEMENT11,EQUIPEMENT12,EQUIPEMENT13,EQUIPEMENT14,EQUIPEMENT15,EQUIPEMENT16,EQUIPEMENT17,EQUIPEMENT18,EQUIPEMENT19,EQUIPEMENT20,SERVICE1,SERVICE2,SERVICE3,SERVICE4,SERVICE5,SERVICE6,SERVICE7,SERVICE8,SERVICE9,SERVICE10,SERVICE11,SERVICE12,SERVICE13,SERVICE14,SERVICE15,SERVICE16,SERVICE17,SERVICE18,SERVICE19,SERVICE20,ACTIVITE1,ACTIVITE2,ACTIVITE3,ACTIVITE4,ACTIVITE5,CONFORT1,CONFORT2,CONFORT3,CONFORT4,CONFORT5,GROUPES_ACCEPTES,GROUPE_MAX,GROUPE_MIN,NBRE_SALLE_REUNION,NBRE_PERSONNES_SALLE,SUPERFICIE_SALLE,TARIF1_LIBELLE,TARIF1_MIN,TARIF1_MAX,TARIF2_LIBELLE,TARIF2_MIN,TARIF2_MAX,TARIF3_LIBELLE,TARIF3_MIN,TARIF3_MAX,TARIF4_LIBELLE,TARIF4_MIN,TARIF4_MAX,TARIF5_LIBELLE,TARIF5_MIN,TARIF5_MAX,TARIF6_LIBELLE,TARIF6_MIN,TARIF6_MAX,TARIF7_LIBELLE,TARIF7_MIN,TARIF7_MAX,TARIF8_LIBELLE,TARIF8_MIN,TARIF8_MAX,TARIF9_LIBELLE,TARIF9_MIN,TARIF9_MAX,TARIF10_LIBELLE,TARIF10_MIN,TARIF10_MAX,TARIF11_LIBELLE,TARIF11_MIN,TARIF11_MAX,TARIF12_LIBELLE,TARIF12_MIN,TARIF12_MAX,TARIF13_LIBELLE,TARIF13_MIN,TARIF13_MAX,TARIF14_LIBELLE,TARIF14_MIN,TARIF14_MAX,TARIF15_LIBELLE,TARIF15_MIN,TARIF15_MAX,TARIF16_LIBELLE,TARIF16_MIN,TARIF16_MAX,TARIF17_LIBELLE,TARIF17_MIN,TARIF17_MAX,TARIF18_LIBELLE,TARIF18_MIN,TARIF18_MAX,TARIF19_LIBELLE,TARIF19_MIN,TARIF19_MAX,TARIF20_LIBELLE,TARIF20_MIN,TARIF20_MAX
LCUCHA0080000264, MON JARDIN  - Sam en Hans,Activités sportives / culturelles / séjour itinérants,Arts et Artisanat,,,,,,,,Voie de La Sauville,,,8430,OMONT,FRANCE,03 24 53 70 56,,,sam.peeters@live.nl,,http://www.wilmypeeters.nl,,49.59741,4.731332,,,, MON JARDIN ,"Aprés avoir étudié à école des beaux arts en Hollande, j'ai commencé à travailler comme artiste professionnelle à 20 ans.",,"D'abord dans la tapisserie, il a relaté les histoires de sa vie. Aprés 30 ans, ses histoires étaient toutes racontées. Par accident, il a rencontré le vitrail et il devient enthousiaste. Son  ami de mariage  et lui ont travaillé dans son atelier pendant 20 ans. Pendant cette période, il a travaillé seul pour des clients et pas pour lui-même. On peut visiter le site internet : ICI Ils ont décidé de vivre à Omont pour vivre une autre vie : ne plus travailler pour les clients mais créer pour lui-même, jouer dans son  Jardin d'enfants  à Omont. C'est une verger de l'autre côté de la montagne. Aprés l'avoir défriché, une explosion a envahi son esprit : il fallait commencer à créer pour  MON JARDIN  Il est inspiré par le fer, les outils de bricolage et d'autres objets que je trouve sur les brocantes ardennaises. Grâce à ces objets, il raconte ses histoires d'aujourd'hui, ses passions, ses fascinations, ses mémoires et surtout ses amours, ce sont des instantanés par le choix du matériel et du thème. Les objets sont mortels, il est trés touché par la fragilité d'une pièce d'art, c'est pourquoi il veut montrer les objets de  MON JARTDIN  qui ne seront peut-être plus la demain. Il veut offrir une expérience aux personnes qui visiteront  SON JARDIN  A partir de la mi-juin,  MON JARDIN  sera ouvert pour toute l'année. Situé à côté du Lavoir à Omont.",,,,,,,,,,,,,,,,,http://cnstlltn.com/master/93a0bf1c-e3ee-49e3-bf2d-21ab2e6d6e7a/jardin+d%27omont+01+%5b1024x768%5d+(2).jpg,http://cnstlltn.com/master/93848084-6666-476b-b0e1-37250db705e4/jardin+d%27omont+02+%5b1024x768%5d+(2).jpg,http://cnstlltn.com/master/48bf297f-9c93-4e7e-b088-0aac257b9e72/jardin+d%27omont+03+%5b1024x768%5d+(2).jpg,,,,,Animaux acceptés,Accès handicapés,,,,,,,,,,,,,,,,,,,,,,,,,,,,,,,,,,,français,,,,,,,,,,,,,,,,,,,,,,,,,,,,,,,,,,,,,,,,,,,,,,,,,,,,,,,,,,,,,,,,,,,,,,,,,,,,,,,,,,,,,,,,,,,,,,,,,,,,,,,,,,,,,,,,,,,,,,,,,,,,,,,,,,
LCUCHA0080000231,Amphithéâtre Pierre Mendès France,Activités sportives / culturelles / séjour itinérants,Arts du spectacle,,,,,,,,"Corne de Soissons, rue des Anciens dAfrique du Nord",,,8200,SEDAN,FRANCE,03 24 29 30 40,,,,,,,49.70126,4.943119,,,,Amphithéâtre Pierre Mendès France,,,"Doté de 160 places, lamphithéâtre Pierre Mendès-France accueille des conférences, des réunions publiques et des assemblées générales. Pour certaines occasions, lamphithéâtre accueille des spectacles vivants.",,,,,,,,,,,,,,,,,http://cnstlltn.com/master/6edc2851-bd83-4b70-9d7b-6fd0b4d8c09b/amphitheatre-pierre-mendes-france_1157.jpg,,,,,,,,,,,,,,,,,,,,,,,,,,,,,,,,,,,,,,,,,,,français,,,,,,,,,,,,,,,,,,,,,,,,,,,,,,,,,,,,,,,,,,,,,,,,,,,,,,,,,,,,,,,,,,,,,,,,,,,,,,,,,,,,,,,,,,,,,,,,,,,,,,,,,,,,,,,,,,,,,,,,,,,,,,,,,,
LCUCHA0080000060,Ancienne Maison du Charron,Activités sportives / culturelles / séjour itinérants,Arts et Artisanat,,,,,,,,"9, rue Noire",, ,8370,HERBEUVAL,FRANCE,03 24 22 61 22,,03 24 22 61 22,mascha.eeman-art@wanadoo.fr,,blog.ibelgique.com/anciennemaisonducharron,,49.6031,5.340426,,,,Ancienne Maison du Charron,,Galerie d'Art ouverte toute l'année.,"Atelier de Mascha Eeman, peintre.",Ancienne Maison du Charron,,Art Gallery open all year.,"Workshop of Mascha Eeman, painter.",,,,,,,,,,,,,http://cnstlltn.com/master/1d402504-2080-4c1b-a889-baea6d56e9ee/1287000163_1.jpg,http://cnstlltn.com/master/bfa470b4-1f38-4547-ad78-f0d5966237de/1287000163_2.jpg,,,,,,,,,,,,,,,,,,,,,,Propriétaire,,EEMAN,Mascha,,,,,Autres,,EEMAN,Mascha,,,,,,,,,,,,,,,,,,,,,,,,,,,,,,,,,,,,,,,,,,,,,,,,,,,,,,,,,,,,,,,,,,,,,,,,,,,,,,,,,,,,,,,,,,,,,,,,,,,,,,,,,,,,,,,,,,,,,,,,,,,,,,,,,,,,,,,,,,,
LCUCHA0080000035,Association d'arboriculture de Flize et ses environs,Activités sportives / culturelles / séjour itinérants,Loisirs récréatifs,Cours,,,,,,,,,,8160,FLIZE,FRANCE,03 24 35 01 58 ,,,,,,,49.69377,4.773997,,,,Association d'arboriculture fruitière de Flize et de ses environs,,,L'association organise les samedis de 14h00 à 16h00 des cours en salle ou des applications pratiques. La cotisation annuelle est de 16 . Renseignements: 03.24.35.01.58 ou Office de Tourisme du Pays des Sources au Val de Bar: 03.24.35.01.58,,,,,,,,,,,,,,,,,http://cnstlltn.com/master/97ae896e-8977-41be-8834-a3c1c96130f5/97ae896e-8977-41be-8834-a3c1c96130f5_134.jpg,,,,,,,,,,,,,,,,,,,,,,,,,,,,,,,,,,,,,,,,,,,français,,,,,,,,,,,,,,,,,,,,,,,,,,,,,,,,,,,,,,,,,,,,,,,,,,,,,,,,,,,,,,,,,,,,,,,,,,,,,,,,,,,,,,,,,,,,,,,,,,,,,,,,,,,,,,,,,,,,,,,,,,,,,,,,,,
LCUCHA0080000095,Association Les Anes Bleus,Activités sportives / culturelles / séjour itinérants,Patrimoine,Multiactivités,,,,,,,8 rue du milieu,,,8240,ST PIERREMONT,FRANCE,03 24 30 81 36,,,,,,,49.48629,4.93895,,,,Association Les Anes Bleus,,,"Musée des outils d'autrefois, repas-bals pour célibataires, exposition permanente antiquités à l'année, concours de cuisine le week-end sur réservation, produits de terroirDeux notes à retenir: - 19 Juin (midi) - Chasse au trésor à St Pierremont - Accompagné d'un repas champêtre - et le 14 août Brocante, Buvette, Repas et différentes animations toute la journée. Ouvert tous les jours sauf mardi",,,,,,,,,,,,,,,,,http://cnstlltn.com/master/939de080-c821-468f-9e6d-92ec4d3ea5f4/sans+titre+5.bmp,http://cnstlltn.com/master/9e13d781-8983-4c6f-9a8e-f45cbc967624/sans+titre+6.bmp,,,,,,Animaux acceptés,Accès handicapés,,,,,2016-04-15,2016-12-31,,,,,,,,,Association,,MABILLON,Marie-Chrisitine,,,+33 (0)3 24 30 81 36,,Autres,,MABILLON,Marie-Chrisitine,,,+33 (0)3 24 30 81 36,,,,,,français,anglais,espagnol,italien,arabe,Chèques,Chèques bancaires et postaux,Espèces,,,,,,,,Aire de jeux,Boutiques,Jardin,Jeux pour enfants,Parking autocar,Salle d'animation,Salle des fêtes-spectacle,Tables de pique-nique,,,,,,,,,,,,,Boutique,Informations touristiques,Paniers Pique-nique,,,,,,,,,,,,,,,,,,Atelier pédagogique,Atelier pour adultes,Atelier pour enfants,,,,,,,,Y,60,12,,,,Entrée plein tarif,1.50,3.00,Boisson,0.00,1.50,Assiette de charcuterie,0.00,5.80,,,,,,,,,,,,,,,,,,,,,,,,,,,,,,,,,,,,,,,,,,,,,,,,,,,
LCUCHA0080000198,Atelier Art et Pierre,Activités sportives / culturelles / séjour itinérants,Arts et Artisanat,,,,,,,,"15, Place Château",,,8450,ANGECOURT,FRANCE,09 70 35 76 26,,,contact@art-et-pierre.com,,http://www.art-et-pierre-ardennes.fr/,,49.63605,4.976608,,,,Atelier Art et Pierre,,,"Bienvenue à l'atelier Art & Pierre où deux passionnés de leur métier de tailleur de pierre, Pascal et Elisabeth, mettent leur savoir-faire au service des entreprises du bâtiment, des collectivités et des particuliers.",Atelier Art et Pierre,,,"Welcome to Art & Pierre workshop where two people, Pascal and Elizabeth, are passionate about their stonemasonry trade and put their expertise at the service of construction businesses, communities and individuals.",,,,,,,,,,,,,http://cnstlltn.com/master/6734bbc5-5101-4e14-909b-f0482573fedf/photo-taille2.jpg,http://cnstlltn.com/master/2409b3c4-ac4c-4cd1-ae61-1374f9c29ffb/photo-taille3.jpg,http://cnstlltn.com/master/94f9fb1e-f52d-4fd0-a225-0214efacc02c/photo-taille4.jpg,,,,,,,,,,,,,,,,,,,,,Propriétaire,,,Pascal et Elisabeth,,,,,,,,,,,,,,,,,français,,,,,,,,,,,,,,,,,,,,,,,,,,,,,,,,,,,,,,,,,,,,,,,,,,,,,,,,,,,,,,,,,,,,,,,,,,,,,,,,,,,,,,,,,,,,,,,,,,,,,,,,,,,,,,,,,,,,,,,,,,,,,,,,,,
LCUCHA0080000037,Atelier d'Art Singulier,Activités sportives / culturelles / séjour itinérants,Arts et Artisanat,,,,,,,,Rue porte de Balan,Espace Fabert - Porte 11/7,,8200,SEDAN,FRANCE,06 84 83 00 84,,,thierry.charles6@wanadoo.fr,,,,49.69719,4.953504,,,,Atelier d'Art Singulier,,"Thierry Charles, Artiste Visuel","Peintures, illustrations, performances, Installations, PubdeRue, Cartes postales, Scénographies, Encadrements dateliers,  Venez découvrir l'atelier d'art singulier dans les locaux du Théâtre de la Grande Oreille, Espace Fabert, rue porte de Balan - porte 11/7,",Atelier d'Art Singulier,,"Thierry Charles, Visual Artist","Paintings, illustrations, performances, installations, PubdeRue, postcards, scenographies, workshop frames...Discover the singular art workshop in the premises of Théâtre de la Grande Oreille, Espace Fabert, rue porte de Balan - porte 11/7",,,,,,,,,,,,,http://cnstlltn.com/master/2357d5ad-65e7-4249-858c-4193e1993c9f/2357d5ad-65e7-4249-858c-4193e1993c9f_134.png,http://cnstlltn.com/master/fe7d9d40-6c92-43b7-a7a7-9bc3ceeb1095/fe7d9d40-6c92-43b7-a7a7-9bc3ceeb1095_134.png,http://cnstlltn.com/master/cc9ba6c2-eb04-4c19-8d0c-b1a8201f77e2/cc9ba6c2-eb04-4c19-8d0c-b1a8201f77e2_134.png,,,,,,,,,,,,,,,,,,,,,Propriétaire,,CHARLES,Thierry,,thierry.charles6@wanadoo.fr,06 84 83 00 84,,,,,,,,,,,,,,français,,,,,,,,,,,,,,,,,,,,,,,,,,,,,,,,,,,,,,,,,,,,,,,,,,,,,,,,,,,,,,,,,,,,,,,,,,,,,,,,,,,,,,,,,,,,,,,,,,,,,,,,,,,,,,,,,,,,,,,,,,,,,,,,,,
LCUCHA0080000056,Atelier de dorure sur bois,Activités sportives / culturelles / séjour itinérants,Arts et Artisanat,,,,,,,,4 rue de la Salette,,,8400,BALLAY,FRANCE,+33 (0)3 24 71 06 62,,,doreuse.suquet@orange.fr,,,,49.42873,4.748905,,,,Atelier de dorure sur bois,,,Présentation de travaux en cours. Différentes étapes de la fabrication des cadres au cours des siècles. Démonstration de pose de feuilles d'orVisites selon le calendrier (se reporter à l'Agenda) ou sur RDV.,,,,,,,,,,,,,,,,,http://cnstlltn.com/master/2f60d939-8b60-4ad8-b68b-0ffe4573111f/dorure+sur+bois+-+sucquet.jpg,http://cnstlltn.com/master/0ce97e09-10c4-47a2-a640-a16d50ccfdac/dorure+sur+bois+-+sucquet+(1).jpg,http://cnstlltn.com/master/86de3037-3c1e-49ac-858c-11241b0136f9/86de3037-3c1e-49ac-858c-11241b0136f9_134.jpg,,,,,,,,,,,2015-12-02,2016-12-02,,,,,,,,,Propriétaire,,SUQUET,Ghislaine,,doreuse.suquet@orange.fr,+33 (0)3 24 71 06 62,,Artisan,,SUQUET,Ghislaine,,,,,,,,,français,,,,,,,,,,,,,,,,,,,,,,,,,,,,,,,,,,,,,,,,,,,,,,,,,,,,,,,,,,,,,,,,,Y,10,,,,,,,,,,,,,,,,,,,,,,,,,,,,,,,,,,,,,,,,,,,,,,,,,,,,,,,,,,,,,,,,
LCUCHA0080000072,Atelier des Fleurs Séchées,Activités sportives / culturelles / séjour itinérants,Arts et Artisanat,Multiactivités,,,,,,,Rue d'en Haut,,,8200,ILLY,FRANCE,03 24 27 60 43,,,yves.paulais@wanadoo.fr,,http://www.fleurssechees-paulais.fr,,49.73652,4.96244,335284422,11,,Atelier des Fleurs Séchées,,Ouvert toute l'année.,De la graine au bouquet!Production et transformation de fleurs séchées.Visites groupes: renseignements et réservations auprès de l'Office de Tourisme du Pays Sedanais 03.24.27.73.73.,Dried Flowers Workshop,,Open all year.,From the seed to the bouquet!Production and processing of dried flowers.Group visits: information and reservations at the Sedan Tourist Office 03.24.27.73.73.,,,,,,,,,,,,,http://cnstlltn.com/master/7104b15e-17d0-43c2-b5ec-058ee3bfaa62/7104b15e-17d0-43c2-b5ec-058ee3bfaa62_134.jpg,,,,,,,,Accès handicapés,,,,,,,,,,,,,,,Propriétaire,,PAULAIS,Yves,,yves.paulais@wanadoo.fr,03 24 27 60 43,,Artisan,,PAULAIS,Yves,,yves.paulais@wanadoo.fr,03 24 27 60 43,,,,,,français,,,,,Chèques,Chèques bancaires et postaux,Espèces,,,,,,,,,,,,,,,,,,,,,,,,,,,,Boutique,,,,,,,,,,,,,,,,,,,,,,,,,,,,,,Y,50,15,,,,Visite Individuelle,0.00,0.00,,,,,,,,,,,,,,,,,,,,,,,,,,,,,,,,,,,,,,,,,,,,,,,,,,,,,,,,,
LCUCHA0080000185,ATELIER DJEBEL ARDUINNA- Catherine MERCIER ,Activités sportives / culturelles / séjour itinérants,Arts et Artisanat,,,,,,,,"1, Rue du Château",,,8130,NEUVILLE DAY,FRANCE,03 24 30 58 37,,,bijoux.mercier@orange.fr,,http://www.bijoux-catherinemercier.over-blog.com,,49.49472,4.686827,,,,Catherine MERCIER, Djebel Arduinna ," L'art du bijou est un art que je pratique depuis 1981. Moyen d'expression artistique de la parure de l'être, le bijou personnalise celle ou celui qui le porte et lui confère une aura particulière et secrète... ","Catherine Mercier est une créatrice et fabricante de bijoux en laiton et en verre depuis 1981. Les matières utilisées sont travaillées au chalumeau, en corne sculptée et les finitions or ou argent par électrolyse.D'inspiration médiévale, art nouveau ou fantastique, toutes les créations sont des pièces uniques.Travail à la commande et sur mesure possible Tous les articles sont garantis un an L'artiste vous ouvre les portes de son atelier tous les mardis de juillet et août de 14h00 à 18h00 sans rendez-vous, et toute l'année sur rendez-vous. VISITE D'ATELIER GRATUITE",,,,,,,,,,,,,,,,,http://cnstlltn.com/master/1124c74a-7c77-486c-adb5-77293d35d5b4/1124c74a-7c77-486c-adb5-77293d35d5b4_134.jpg,http://cnstlltn.com/master/936b121e-ae97-429c-a376-180863ba006e/936b121e-ae97-429c-a376-180863ba006e_134.jpg,http://cnstlltn.com/master/a168e4fa-8c50-4ece-917f-e9d6082dd06c/a168e4fa-8c50-4ece-917f-e9d6082dd06c_134.jpg,,,,,Animaux acceptés,,,,,,,,,,,,,,,,Artisan,,MERCIER,Catherine,,bijoux.mercier@orange.fr,03 24 30 58 37,,,,,,,,,,,,,,français,anglais,,,,,,,,,,,,,,,,,,,,,,,,,,,,,,,,,,,,,,,,,,,,,,,,,,,,,,Visite,,,,,,,,,,Y,6,,,,,,,,,,,,,,,,,,,,,,,,,,,,,,,,,,,,,,,,,,,,,,,,,,,,,,,,,,,,,,,,
LCUCHA0080000288,Atelier Martine Dinet,Activités sportives / culturelles / séjour itinérants,Autres,,,,,,,,8 rue de la croix ,,,8310,AUSSONCE,FRANCE,03 24 72 76 09 ,,,dinet.m@mcom.fr,,http://www.ateliermartinedinet.fr,,49.34439,4.324151,,,,Atelier Martine Dinet,,,Visite sur rendez vous,,,,,,,,,,,,,,,,,http://cnstlltn.com/master/4c2ec60f-fb6b-4969-b7e3-a22c02c7765e/atelier+m.+dinet.jpg,,,,,,,,,,,,,,,,,,,,,,,,,,,,,,,,,,,,,,,,,,,français,,,,,,,,,,,,,,,,,,,,,,,,,,,,,,,,,,,,,,,,,,,,,,,,,,,,,,,,,,,,,,,,,,,,,,,,,,,,,,,,,,,,,,,,,,,,,,,,,,,,,,,,,,,,,,,,,,,,,,,,,,,,,,,,,,
LCUCHA0080000236,Au Jardin d'Annie - Le Jardin des Roses,Activités sportives / culturelles / séjour itinérants,,,,,,,,,9 RD 977 - Chestres,,,8400,VOUZIERS,FRANCE,03 24 30 25 44,,,annemarie.clymans@sfr.fr,,,,49.41305,4.723398,,,,Au Jardin d'Annie - Le Jardin des Roses,,,"Balade dans un jardin privé de 4500 m² à l'anglaise, 150 rosiers. Potager et volailles. Idées et conseils. Ateliers jardinage les mardis d'avril à fin juillet sur RDV : conseils, création de massifs, boutures, de potagers, taille de rosiers",,,,,,,,,,,,,,,,,http://cnstlltn.com/master/cceae639-df03-4163-8e9a-72d39820609b/jardin+d%27annie+2c2a.jpg,,,,,,,Animaux acceptés,Accès handicapés,,,,,,,,,,,,,,,,,,,,,,,,,,,,,,,,,,,français,néerlandais,anglais,,,Espèces,,,,,,,,,,Jardin,Jardin ombragé,Parking privé,,,,,,,,,,,,,,,,,,Boutique,,,,,,,,,,,,,,,,,,,,Animation groupe,Atelier pour adultes,,,,,,,,,Y,15,5,,,,Atelier jardinage,0.00,2.50,Visite,0.00,1.50,,,,,,,,,,,,,,,,,,,,,,,,,,,,,,,,,,,,,,,,,,,,,,,,,,,,,,
LCUCHA0080000273,AU SAULE DE LA VENCE - BERNIER Marie-Anne,Activités sportives / culturelles / séjour itinérants,Arts et Artisanat,,,,,,,,"20, Bis Rue des Paquis",,,8430,ST PIERRE SUR VENCE,FRANCE,03 24 32 73 36,,,maieannebernier@orange.fr,,,,49.69217,4.671877,,,,AU SAULE DE LA VENCE - Atelier de la Vence,Artiste vannier,,"Atelier d'initiation à la vannerie situé à Saint Pierre Sur Vence entre Boulzicourt et poix-Terron. Initiation à la vannerie les week end ou sur commande d'un groupe de 5 personnes maximun. Travail de l'osier brut ou de l'osier pelé. Confection d'un panier sur côte lors de la première initiation à la vannerie sur un week-end. Créations traditionnelles ou insolites, commande à l'atelier ou par mail. OUVERT TOUTE L'ANNÉE SUR RDV",,,,,,,,,,,,,,,,,http://cnstlltn.com/master/c8d18c90-3cd4-43c2-b0ca-0b35ff8f213b/1-vannerie+la+saule.jpg,http://cnstlltn.com/master/08343185-ab45-4062-b99c-3a458460f3f6/bernier1.jpg,http://cnstlltn.com/master/52289c0b-ea7a-4a3b-a1f6-dda75b2de3dc/panier1.jpg,,,,,,Accès handicapés,,,,,,,,,,,,,,,Gérance,,BERNIER,Marie-Anne,,marieannebernier@orange.fr,03 24 32 73 36,,,,,,,,,,,,,,français,,,,,Chèques,Chèques bancaires et postaux,Espèces,Carte bancaire,,,,,,,Parking,,,,,,,,,,,,,,,,,,,,,,,,,,,,,,,,,,,,,,,,Atelier pour adultes,Atelier pour enfants,Visite,,,,,,,,Y,,10,,,,,,,,,,,,,,,,,,,,,,,,,,,,,,,,,,,,,,,,,,,,,,,,,,,,,,,,,,,,,,,
LCUCHA0080000290,Aussonce en couleurs,Activités sportives / culturelles / séjour itinérants,Autres,Cours,,,,,,,8 rue de la croix ,,,8310,AUSSONCE,FRANCE,03 24 72 76 09 ,,,dinet.m@mcom.fr,,http://www.ateliermartinedinet.fr,,49.34439,4.324151,,,,Aussonce en couleur,,,Cours de peinture et dessinSalle polyvalentePas dabonnement  paiement à la séanceChaque lundi de 14 h à 17 h et de 19h30 à 22h30,,,,,,,,,,,,,,,,,http://cnstlltn.com/master/883b69fc-c813-4ddc-ae2b-22a4659bed08/aussonce+en+couleur+en+septembre.jpg,,,,,,,,,,,,,,,,,,,,,,,,,,,,,,,,,,,,,,,,,,,français,,,,,,,,,,,,,,,,,,,,,,,,,,,,,,,,,,,,,,,,,,,,,,,,,,,,,,,,,,,,,,,,,,,,,,,,,,,,,,,,,,,,,,,,,,,,,,,,,,,,,,,,,,,,,,,,,,,,,,,,,,,,,,,,,,
LCUCHA0080000021,Autruches D'Autruche (ADA),Activités sportives / culturelles / séjour itinérants,Loisirs récréatifs,,,,,,,,1 rue des Tourbières,,,8240,AUTRUCHE,FRANCE,03 24 30 23 61,,,autruches.ada08@orange.fr,,http://autruches-ada08.blog4ever.com,,49.45422,4.899023,,,,Autruches D'Autruche,,,"Projet né de l'originalité du nom de la commune, d'une passion pour l'élevage et du souhait que le visiteur occasionnel vienne à Autruche, non pas parce qu'il s'est trompé de route, mais avec la volonté de découvrir le village. Découvrez les trois espèces de ratites : autruches, nandous et émeus dans leurs enclos. Une exposition sur le thème de l'autruche complète la visite.Des présentations commentées gratuites sont organisées régulièrement sur rendez-vous.Ouvert toute l'année sur rendez-vous",,,,,,,,,,,,,,,,,http://cnstlltn.com/master/c10880f8-4958-433d-9caa-06f2bd22aebf/c10880f8-4958-433d-9caa-06f2bd22aebf_134.jpg,http://cnstlltn.com/master/6e17bf1e-38ee-484c-8986-ac1b54f1c4c7/autruche_m01.jpg,http://cnstlltn.com/master/5ece4ef6-b6aa-4a6b-9428-fb83f4ccea97/autruche02.jpg,,,,,,,,,,,,,,,,,,,,,Propriétaire,,LAMBERT,Claude,,autruches.ada08@orange.fr,+33 (0)3 24 30 23 61,+33 (0)3 24 30 23 61,Autres,,LAMBERT,Claude,,autruches.ada08@orange.fr,+33 (0)3 24 30 23 61,+33 (0)3 24 30 23 61,,,,,français,,,,,,,,,,,,,,,,,,,,,,,,,,,,,,,,,,,,,,,,,,,,,,,,,,,,,,,,,,,,,,,,,Y,20,,,,,,,,,,,,,,,,,,,,,,,,,,,,,,,,,,,,,,,,,,,,,,,,,,,,,,,,,,,,,,,,
LCUCHA0080000065,BEAUDEUX Isabelle ,Activités sportives / culturelles / séjour itinérants,Arts et Artisanat,,,,,,,,"5, place du monument",,,8000,LES AYVELLES,FRANCE,03 24 57 35 43,,,,,,,49.72285,4.757373,,,,BEAUDEUX ISABELLE,,BEAUDEUX ISABELLE est une artiste peintre.,,,,,,,,,,,,,,,,,,http://cnstlltn.com/master/d85f159b-c0e3-4bc0-a8bb-75bb32e9cc07/d85f159b-c0e3-4bc0-a8bb-75bb32e9cc07_134.jpg,,,,,,,,,,,,,,,,,,,,,,,Autres,,BEAUDEUX,Isabelle,,,,,,,,,,,,,,,,,français,,,,,,,,,,,,,,,,,,,,,,,,,,,,,,,,,,,,,,,,,,,,,,,,,,,,,,,,,,,,,,,,,,,,,,,,,,,,,,,,,,,,,,,,,,,,,,,,,,,,,,,,,,,,,,,,,,,,,,,,,,,,,,,,,,
LCUCHA0080000086,Bibliothèque de Flize,Activités sportives / culturelles / séjour itinérants,Autres,,,,,,,,"17, Rue de Sedan",,,8160,FLIZE,FRANCE,03 24 54 01 04,,,,,,,49.6982,4.777275,,,,bibliothèque de Flize,,,"Adhésion gratuite pour tous, petits et grands.Ouverture le mercredi de 14h30 à 18h00 et le vendredi de 16h30 à 19h00.",,,,,,,,,,,,,,,,,http://cnstlltn.com/master/e0d872f2-1d68-4d83-8a22-c25c7c4001d1/e0d872f2-1d68-4d83-8a22-c25c7c4001d1_134.jpg,,,,,,,,,,,,,,,,,,,,,,,,,,,,,,,,,,,,,,,,,,,français,,,,,,,,,,,,,,,,,,,,,,,,,,,,,,,,,,,,,,,,,,,,,,,,,,,,,,,,,,,,,,,,,,,,,,,,,,,,,,,,,,,,,,,,,,,,,,,,,,,,,,,,,,,,,,,,,,,,,,,,,,,,,,,,,,
LCUCHA0080000089,Café pour Tous,Activités sportives / culturelles / séjour itinérants,,,,,,,,,Rue Laloy Chenet,,,8250,CHATEL CHEHERY,FRANCE,+33 (0)3 24 30 79 95,,,annick.houllemare@orange.fr,,http://cafepourtouschatel.wordpress.com/,,49.28161,4.954448,,,,Café pour Tous,,"C'est un lieu de vie et de rencontres, un lieu d'information et d'échanges, une étape touristique et de détente.","Le Café pour Tous, c'est : - un café avec petite restauration - un cybercafé - une bibliothèque - un espace d'informations touristiques - une boutique de souvenirs et d'ouvrages locaux - une terrasse en été - un espace jeux - un espace animations pour les enfants - un espace services de proximité et aussi des initiatives et des animations à découvrir toute l'année. Parcours de mémoire, Sur les traces du Sergent York (au départ du café) : Balade libre ou accompagnée : 5  avec collation.",,,,,,,,,,,,,,,,,http://cnstlltn.com/master/f1768797-11b9-4930-8261-3b8032d02d50/f1768797-11b9-4930-8261-3b8032d02d50_134.jpg,http://cnstlltn.com/master/b33382e3-fbb8-4f32-a114-fc772d2e6318/b33382e3-fbb8-4f32-a114-fc772d2e6318_134.jpg,,,,,,Animaux acceptés,Accès handicapés,,,,,,,,,,,,,,,Association,,HOULLEMARE,Annick,,,,,,,,,,,,,,,,,français,anglais,néerlandais,,,Chèques bancaires et postaux,Espèces,,,,,,,,,Jeux pour enfants,Sentiers balisés,,,,,,,,,,,,,,,,,,,Boutique,Cyber espace / bornes accès Internet,Informations touristiques,,,,,,,,,,,,,,,,,,Atelier pour adultes,Atelier pour enfants,Concerts,Conférences,,,,,,,Y,,5,,,,Balade commentée sur les traces du Sergent York (avec collation),0.00,5.00,,,,,,,,,,,,,,,,,,,,,,,,,,,,,,,,,,,,,,,,,,,,,,,,,,,,,,,,,
LCUCHA0080000047,Cavoug'Art,Activités sportives / culturelles / séjour itinérants,,,,,,,,,,,,8350,CHEVEUGES,FRANCE,03 24 26 60 86,,,,,,,49.6573,4.887127,,,,Atelier Cavoug'Art,,Atelier de peinture à l'huile et acrylique.,"Atelier ouvert à tous.Cotisation annuelle.Séances le mardi de 14h à 17h, le vendredi de 9h à 11h30, le samedi de 9h à 11h30. En l'ancienne école de Cheveuges, salle du bas.",,,,,,,,,,,,,,,,,http://cnstlltn.com/master/b059f691-2542-4203-9caa-bf441e6377a4/b059f691-2542-4203-9caa-bf441e6377a4_134.jpg,,,,,,,,,,,,,,,,,,,,,,,Autres,,NEVEUX ROGER,Danielle,,,,,,,,,,,,,,,,,français,,,,,,,,,,,,,,,,,,,,,,,,,,,,,,,,,,,,,,,,,,,,,,,,,,,,,,,,,,,,,,,,,,,,,,,,,,,,,,,,,,,,,,,,,,,,,,,,,,,,,,,,,,,,,,,,,,,,,,,,,,,,,,,,,,
LCUCHA0080000217,Centre culturel,Activités sportives / culturelles / séjour itinérants,Arts du spectacle,Multiactivités,,,,,,,6 rue Jean baptiste Clément,,,8700,NOUZONVILLE,FRANCE,03 24 37 37 49,,,centreculturel.nouzonville@wanadoo.fr,,http://centreculturel.villedenouzonville.fr,,49.81361,4.75614,,,,Centre Culturel,,,"Ouverture : du lundi au vendredi, de 8h à 12h et de 13h30 à 17h",,,,,,,,,,,,,,,,,http://cnstlltn.com/master/4561603a-6537-4dc5-93aa-3e0a89aeb7f8/2183213715_small_1.jpg,http://cnstlltn.com/master/a83beb61-8815-4cdb-be3b-28aecb86b2ea/sallespectacle.jpg,,,,,,,,,,,,,,,,,,,,,,,,,,,,,,,,,,,,,,,,,,français,,,,,,,,,,,,,,,,,,,,,,,,,,,,,,,,,,,,,,,,,,,,,,,,,,,,,,,,,,,,,,,,,,,,,,,,,,,,,,,,,,,,,,,,,,,,,,,,,,,,,,,,,,,,,,,,,,,,,,,,,,,,,,,,,,
LCUCHA0080000028,Centre culturel Les Tourelles,Activités sportives / culturelles / séjour itinérants,,Spectacle,,,,,,,6 rue Henrionnet,,,8400,VOUZIERS,FRANCE,+33 (0)8 92 68 69 25,03.24.71.64.77,03.24.71.60.40,cinema-lestourelles@wanadoo.fr,vouziers.lestourelles@wanadoo.fr,,,49.39511,4.700904,,,,Centre culturel Les Tourelles,,,"Le Centre culturel Les Tourelles, c'est :- Deux salles de cinéma climatisées projetant 4 à 5 films par semaine (sorties nationales, Art & Essai et conférences Connaissance du Monde)- Une bibliothèque- Une salle de spectacle- Une salle d'exposition- L'harmonie et l'école de musique municipales- Une cafétéria",,,,,,,,,,,,,,,,,http://cnstlltn.com/master/69992ffb-85e6-42da-8481-5f0b5fd2668c/1287000164_1.jpg,http://cnstlltn.com/master/d54c0fbe-477f-47b8-a86e-9788aca4f4df/1287000164_2.jpg,,,,,,,Accès handicapés,,,,,,,,,,,,,,,Autres,,ROSSI,Amélie,,vouziers.lestourelles@wanadoo.fr,03 24 71 64 77,,,,,,,,,,,,,,,,,,,Chèques,Espèces,,,,,,,,,,,,,,,,,,,,,,,,,,,,,Informations touristiques,,,,,,,,,,,,,,,,,,,,,,,,,,,,,,,,,,,,Tarifs cinéma,5.50,7.00,,,,,,,,,,,,,,,,,,,,,,,,,,,,,,,,,,,,,,,,,,,,,,,,,,,,,,,,,
LCUCHA0080000027,Cinéma Métropolis,Activités sportives / culturelles / séjour itinérants,Loisirs récréatifs,Multiactivités,,,,,,SA NORD EST CINEMA,Rue Longueville,, ,8000,CHARLEVILLE MEZIERES,FRANCE,03.24.33.22.08,,03.24.59.45.21,metropolis@cinemet.fr,,www.cinemet.fr,,49.77322,4.716217,,,,CINEMA METROPOLIS,,,"Cinéma Métropolis, un nouveau plaisir de Cinéma. 10 salles, 2000 places, écrans géants, son numérique, comptoir confiserie, cafétaria et galerie de photographies.",,,,,,,,,,,,,,,,,http://cnstlltn.com/master/fd5b493e-6ad3-4f7d-a8b9-b821731da9ad/1287000166_1.jpg,,,,,,,,,,,,,,,,,,,,,,,Autres,,THIRRIOT,François,,metropolis@cinemet.fr,03.24.33.22.08,03.24.33.45.36,Renseignement/Information,,CINEMA METROPOLIS,,,metropolis@cinemet.fr,03.24.33.22.08,03.24.59.45.21,,,,,,,,,,,,,,,,,,,,,,,,,,,,,,,,,,,,,,,,,,,,,,,,,,,,,,,,,,,,,,,,,,,,,,,,,,,,,,,,,,,,,,,,,,,,,,,,,,,,,,,,,,,,,,,,,,,,,,,,,,,,,,,,,,,,,,,
LCUCHA0080000232,"Cours de dessin, peinture, pastel",Activités sportives / culturelles / séjour itinérants,Arts et Artisanat,Cours,,,,,,,25 rue du Petit bois - ,Espace Lebon - entrée place de l'église St Remy,,8000,CHARLEVILLE MEZIERES,FRANCE,,,,association.latelier@gmail.com,,,,49.77294,4.723593,,,,"Cours de dessin, peinture, pastel",L'Atelier,le mardi de 9h00 à 11h30 et de 17h30 à 19h30 - à l'espace Lebon - L'Atelier,"Cours par Alain Lafabrègue, peintre pastelliste professionnel. Propose une initiation au dessin et diverses techniques de peinture : pastel, sanguine, fusain, acrylique, huile...Ouvert aux adhérents et aux personnes extérieuresL'adhésion à l'Atelier donne accès à toutes les disciplines : sculpture, gravure, dessin sur modèle nu...",,,,,,,,,,,,,,,,,,,,,,,,,,,,,,,,,,,,,,,,,,,,,,,,,,,,,,,,,,,,français,,,,,,,,,,,,,,,,,,,,,,,,,,,,,,,,,,,,,,,,,,,,,,,,,,,,,,,,,,,,,,,,,,,,,,,adhésion annuelle,35.00,75.00,prix pour 2 heures de cours,7.00,7.00,,,,,,,,,,,,,,,,,,,,,,,,,,,,,,,,,,,,,,,,,,,,,,,,,,,,,,
LCUCHA0080000277,Cours de théâtre Ludus,Activités sportives / culturelles / séjour itinérants,Arts du spectacle,Cours,,,,,,,22 avenue Jean Jaurès,,,8000,CHARLEVILLE MEZIERES,FRANCE,03 10 07 55 32,,,,,,,49.77932,4.718441,,,,Cours de théâtre Ludus,,cours le mercredi (hors vacances) - au Forum - 22 avenue Jean Jaurès,"Pour la quinzième saison, les professeurs sont Geneviève ELOIRE, Bruno Nion et Fabrice Ricard.Les cours seront organisés de la façon suivante :- enfants de 8 à 11 ans de 14h à 15h30 (Geneviève Eloire)- Pré-ados de 12 à 14 ans de 15h30 à 17h (Geneviève Eloire)- Ados de 15 à 18 ans de 17h à 18h30 (Fabrice Ricard)- Adultes à partir de 18 ans de 19h à 21h (Bruno Nion et Fabrice Ricard)",,,,,,,,,,,,,,,,,http://cnstlltn.com/master/0f6727ba-4d6f-463f-adb8-5d0ae4194d30/image+th%c3%a9%c3%a2tre.jpg,,,,,,,,,,,,,2015-10-07,2015-10-07,2015-10-14,2015-10-14,2015-10-21,2015-10-21,2015-10-28,2015-10-28,2015-11-04,2015-11-04,,,,,,,,,,,,,,,,,,,,,français,,,,,,,,,,,,,,,,,,,,,,,,,,,,,,,,,,,,,,,,,,,,,,,,,,,,,,,Animation groupe,Atelier pédagogique,Atelier pour adultes,Atelier pour enfants,,,,,,,,,,,,,,,,,,,,,,,,,,,,,,,,,,,,,,,,,,,,,,,,,,,,,,,,,,,,,,,,,,,,,,,,
LCUCHA0080000073,Création et restauration de vitraux - Artiste Verrier,Activités sportives / culturelles / séjour itinérants,Arts et Artisanat,,,,,,,,7 rue Roland Garros,,,8400,ST MOREL,FRANCE,+33 (0)6 08 11 26 75,,,jmpaguet@hotmail.fr,,http://www.jmpaguet.fr,,49.33751,4.694993,,,,Création et restauration de vitraux - Artiste Verrier,,,"Vitrailliste usant de différentes techniques : vitrail, tiffany, dalle de verre, fusing. Vous propose de visiter son atelier toute l'année sur RDV de 9h à 12h et de 14h30 à 19h30.",,,,,,,,,,,,,,,,,http://cnstlltn.com/master/44e3f6ab-d1f9-4d49-87b0-442ee8ee735c/44e3f6ab-d1f9-4d49-87b0-442ee8ee735c_134.jpg,http://cnstlltn.com/master/0deabc68-6013-409f-acf8-6a5bf72f4286/0deabc68-6013-409f-acf8-6a5bf72f4286_134.jpg,http://cnstlltn.com/master/7c5a27c8-5c64-4546-a3d7-10632a39830d/7c5a27c8-5c64-4546-a3d7-10632a39830d_134.jpg,,,,,,,,,,,,,,,,,,,,,Artisan,,PAGUET,Jean-Marc,,,,,,,,,,,,,,,,,français,,,,,,,,,,,,,,,,,,,,,,,,,,,,,,,,,,,,,,,,,,,,,,,,,,,,,,,,,,,,,,,,,,,,,,,,,,,,,,,,,,,,,,,,,,,,,,,,,,,,,,,,,,,,,,,,,,,,,,,,,,,,,,,,,,
LCUCHA0080000022,Discothèque La Marlière,Activités sportives / culturelles / séjour itinérants,Loisirs récréatifs,Cours,,,,,,,D12,,,8160,SAPOGNE ET FEUCHERES,FRANCE,03 24 54 02 62,,,,,,,49.66092,4.798725,,,,Discothèque La Marlière,,,"La Marlière est une discothèque ardennaise accueillant tous les vendredi et samedi toutes les personnes aimant faire la fête : 3 salles et 2 ambiances.N'oubliez pas : vos plus belles soirées sont à La Marlière. A bientôt pour des soirées de folie dans une ambiance démentielle.La Marlière se trouve entre Flize et Vendresse, à Sapogne-et-Feuchères.",,,,,,,,,,,,,,,,,http://cnstlltn.com/master/71354aa5-a438-46ca-8d08-c829f5c59894/12248047_925699814193236_5508825189270721029_o.jpg,,,,,,,,,,,,,,,,,,,,,,,,,,,,,,,,,,,,,,,,,,,français,,,,,,,,,,,,,,,,,,,,,,,,,,,,,,,,,,,,,,,,,,,,,,,,,,,,,,,,,,,,,,,,,,,,,,,,,,,,,,,,,,,,,,,,,,,,,,,,,,,,,,,,,,,,,,,,,,,,,,,,,,,,,,,,,,
LCUCHA0080000163,Espace Jean Vilar,Activités sportives / culturelles / séjour itinérants,Arts du spectacle,Spectacle,,,,,,,Place Jean Jaurès,,,8500,REVIN,FRANCE,03 24 42 74 30,03 24 41 55 71 ,03 24 40 28 99,sallejeanvilar@wanadoo.fr,,http://www.ville-revin.fr,,49.93874,4.632239,,,,Espace Jean Vilar - Revin-Ardenne-France,,"L'espace Jean Vilar , un lieu de diffusion et de création.","L'Espace Jean Vilar a vu le jour en 1985. Il est aujourd'hui un lieu de diffusion culturelle reconnu sur le territoire tant par la diversité des spectacles qui y sont proposés que par les mises à disposition du lieu, ou les créations et les actions culturelles des compagnies en résidence. Un travail de démocratisation de la culture a été engagé depuis de nombreuses années visant à permettre à tous, ou en tout cas au plus grand nombre, d'accéder au spectacle vivant.Programmation culturelle de fin septembre à fin mai.",Espace Jean Vilar - Revin-Ardenne-France,,"Inaugurated in 1985, the cultural centre annually hosts theatrical performances, song, music, dance, but also cinema.","Internationally renowned artist, regional troops present all year long a rich and varied cultural season for the enjoyment of everyone.Each year, a cultural brochure is published (ask for the brochure to the cultural department of the town). With a capacity of 402 seats, the auditorium has a professional technical reception, 5 spacious dressing rooms, a training room and an excellent acoustics. Cultural programming from the end of September to the end of May. Recommendations: LIVE PERFORMANCE IS FRAGILE, RESPECT IT! The comings and goings are forbidden during the shows... For the latecomers, the access to the auditorium will take place as far as possible and the placement will be random. For the well-being of all, thank you to arrive on time. Turn off your mobile phone before entering the auditorium.",,,,,,,,,,,,,http://cnstlltn.com/master/5a4aad33-09ce-43ba-9466-2339b74c007b/5a4aad33-09ce-43ba-9466-2339b74c007b_134.jpg,http://cnstlltn.com/master/b9c4f46b-3ccf-4687-9706-824ee91a9f26/espace-jean-villar.jpg,http://cnstlltn.com/master/4d2c20ab-ad06-456c-a9a8-7d7ab6036904/img_1712+copie.jpg,,,,,,Accès handicapés,Handicap mental,Handicap moteur,,,2015-11-19,2016-12-31,,,,,,,,,Renseignement/Information,,,,,contact@ville-revin.frService culturel,03 24 42 74 30,,,,,,,,,,,,,,français,,,,,American Express,Chèques,Chèques bancaires et postaux,Espèces,Eurocard - Mastercard,Carte bancaire,Virements,,,,Bar,Parking autocar,Parking privé,Salle de projection,Salle des fêtes-spectacle,,,,,,,,,,,,,,,,,,,,,,,,,,,,,,,,,,,,Concerts,Conférences,,,,,,,,,Y,,,,,,Abonné tarif B,10.00,10.00,Abonné tarif D,5.00,10.00,Plein Tarif C,17.00,17.00,Plein Tarif B,22.00,22.00,Plein Tarif A,32.00,32.00,Abonné tarif C,8.00,8.00,Plein Tarif E,15.00,15.00,Tarif réduit (selon catégorie A à F)(- 18 ans/étudiants/chômeurs),3.00,7.00,Abonnement (saison 2015-2016) donnant droit à un tarif special abonné,15.00,15.00,Abonné tarif A,20.00,20.00,Plein Tarif D,10.00,10.00,,,,,,,,,,,,,,,,,,,,,,,,,,,
LCUCHA0080000216,Espace Manuréva,Activités sportives / culturelles / séjour itinérants,Arts du spectacle,Multiactivités,,,,,,,13 rue Jean baptiste Clement,,,8000,CHARLEVILLE MEZIERES,FRANCE,03 24 33 60 40,,03 24 33 90 61,contact@manu-sonetlumiere.com,,http://www.manu-sonetlumiere.com,,49.77579,4.718884,,,,Espace Manuréva,Un lieu de rencontre aux multiples possibilités.,,"L'Espace Manureva est un lieu ouvert depuis 1997, il accueille divers types de spectacles allant de la petite enfance aux concerts en passant par des expositions et du théâtre.",,,,,,,,,,,,,,,,,http://cnstlltn.com/master/2da2a3da-5589-4dee-bc5d-eaa9c5ad62eb/espace+manur%c3%a9va.jpg,,,,,,,,,,,,,,,,,,,,,,,,,,,,,,,,,,,,,,,,,,,français,,,,,,,,,,,,,,,,,,,,,,,,,,,,,,,,,,,,,,,,,,,,,,,,,,,,,,,,,,,,,,,,,,,,,,,,,,,,,,,,,,,,,,,,,,,,,,,,,,,,,,,,,,,,,,,,,,,,,,,,,,,,,,,,,,
LCUCHA0080000076,Exposition Rimbaud à Roche ,Activités sportives / culturelles / séjour itinérants,Autres,,,,,,,,,, ,8130,CHUFFILLY ROCHE,FRANCE,03 24 71 22 21,,03 24 71 22 21,bernard.aubry14@wanadoo.fr,,,,49.44759,4.606697,,,,EXPOSITION RIMBAUD A ROCHE,,,Exposition Rimbaud à Roche Diffusion de documentaires toute l'année uniquement sur réservation.  Rimbaud à Roche   - Circuit de 7 km sur les pas de Rimbaud.,,,,,,,,,,,,,,,,,http://cnstlltn.com/master/ab252ae8-2a70-4130-abc7-5e35e9d0a6fd/1287000161_2.jpg,http://cnstlltn.com/master/9738ddb4-dd7f-4ece-91f0-a9c807a337ee/1287000161_1.jpg,,,,,,,,,,,,,,,,,,,,,,Renseignement/Information,,AUBRY,Maryse,,bernard.aubry14@wanadoo.fr,03.24.71.22.21,03.24.71.22.21,Autres,,AUBRY,Maryse,,bernard.aubry14@wanadoo.fr,03.24.71.22.21,,,,,,,,,,,,,,,,,,,,,,,,,,,,,,,,,,,,,,,,,,,,,,,,,,,,,,,,,,,,,,,,,,,,,,,,,,,,,,,,,,,,,,,,,,,,,,,,,,,,,,,,,,,,,,,,,,,,,,,,,,,,,,,,,,,,,,,,
LCUCHA0080000220,Ferronnerie d'Art et Métallerie SPRINGSKLEE,Activités sportives / culturelles / séjour itinérants,Arts et Artisanat,,,,,,,,8 bis rue du lavoir,,,8400,CONTREUVE,FRANCE,,,,,,,,49.36229,4.625449,,,,Ferronnerie d'Art et Métallerie SPRINGSKLEE,,,"Visite de l'atelier du ferronnier d'art : de la forge à l'assemblage des pièces, Ferronnerie, Métallerie : Portail - garde - corps ... Éventuellement de la chaudronnerie.Toute l'année sur rendez-vous",,,,,,,,,,,,,,,,,http://cnstlltn.com/master/800ef368-2973-49c4-84bf-e2c0e5c60184/img_0179.jpg,http://cnstlltn.com/master/c55bbedf-42de-4e7d-9b12-b56012ca9251/img_0184.jpg,http://cnstlltn.com/master/3dae9568-f9b8-499e-8b8b-ad6ad41f928f/img_0177.jpg,,Maître ARTISAN DART,,,Animaux acceptés,,,,,,,,,,,,,,,,Artisan,,SPRINGSKLEE,Bernard,,,,,,,,,,,,,,,,,français,,,,,,,,,,,,,,,,,,,,,,,,,,,,,,,,,,,,,,,,,,,,,,,,,,,,,,,Atelier pédagogique,Atelier pour adultes,Visite,,,,,,,,,,,,,,,,,,,,,,,,,,,,,,,,,,,,,,,,,,,,,,,,,,,,,,,,,,,,,,,,,,,,,,,,,
LCUCHA0080000164,Galerie d'art Maurice Rocheteau,Activités sportives / culturelles / séjour itinérants,Arts et Artisanat,,,,,,,,Avenue Jean Baptiste Clèment,Galerie d'art Maurice Rocheteau,,8500,REVIN,FRANCE,03  24 40 10 72,,,,,http://www.ville-revin.fr,,49.93716,4.640179,,,,Galerie d'Art Maurice Rocheteau - Revin-Ardenne-France,,"Cette galerie d'art est située dans une bâtisse ayant appartenu aux industriels FAURE, entourée d'un magnifique parc: le parc Rocheteau, à proximité de la halte fluviale.","Lieu d'expositions régulières d'oeuvres d'artistes locaux.Lors des expositions, la galerie est ouverte au public le mercredi, le samedi et le dimanche de 14h à 18h. ENTREE LIBRE.Renseignements : Les Petits Maîtres Revinois 03 24 40 17 84",Art Gallery Maurice Rocheteau - Revin-Ardenne-France,,"This art gallery is located in a building that belonged to the industry FAURE, surrounded by a beautiful park: the  Rocheteau park, near the river stopover site.","A place where regular exhibitions of local artists take place.During the exhibitions, the art gallery is open to the public on Wednesdays, Saturdays and Sundays from 2pm to 6pm. FREE ADMISSION.",,,,,,,,,,,,,http://cnstlltn.com/master/a03618a8-389b-4d9b-92d1-abc22c49a397/dsc03687.jpg,http://cnstlltn.com/master/03450577-4e86-495d-8a48-c119bf7d1d41/dsc00572.jpg,http://cnstlltn.com/master/d23d7ef6-eda7-4d3d-9e61-1a1fcf4b1027/dsc00581.jpg,,,,,,Accès handicapés,Handicap moteur,,,,,,,,,,,,,,Autres,,,,,contact@ville-revin.fr,03 24 41 55 65,,,,,,,,,,,,,,français,,,,,,,,,,,,,,,Parc,Parking autocar,Parking privé,,,,,,,,,,,,,,,,,,,,,,,,,,,,,,,,,,,,,,,,,,,,,,,,Y,35,8,,,,,,,,,,,,,,,,,,,,,,,,,,,,,,,,,,,,,,,,,,,,,,,,,,,,,,,,,,,,,,,
LCUCHA0080000274,Galerie d'Art Stackl'r,Activités sportives / culturelles / séjour itinérants,Arts et Artisanat,,,,,,,,"13, Avenue Stackler",, ,8200,SEDAN,FRANCE,,,,alain.bozetti@galeriestacklr.com,,http://www.galeriestacklr.com/,,49.69574,4.95597,,,,Galerie d'Art Stackl'r,,"Galerie d'Art ouverte toute l'année, sur rendez vous.Retrouvez le programme des expositions temporaires ouvert au public du vendredi au dimanche de 15h à 19h en entrée libre.","La Galerie Stacklr abrite une sélection duvres dartistes peintres parmi les plus représentatifs de la fin du 19ème siècle à nos jours.On y retrouve également une sélection d'artistes émergents de la scène artistique contemporaine.Outre leur fonction décorative, les uvres présentées ont un intérêt historique et sinscrivent dans les plus grands courants de lart international. Elles présentent également un intérêt certain en terme dinvestissement. Les artistes présentés sont pour la plupart référencés et fortement cotés dans les plus grands guides : Artprice, Akoun, Artnet, Blouin Art Sale etc ",,,,,,,,,,,,,,,,,http://cnstlltn.com/master/bf4d95d6-cd33-43d3-a254-64a029e8eff3/capture+d%e2%80%99e%c2%b4cran+2015-08-06+a%60+10.09.00.png,,,,,,,,,,,,,,,,,,,,,,,Propriétaire,,BOZETTI,Alain,,alain.bozetti@galeriestacklr.com,,,Autres,,BOZETTI,Alain,,alain.bozetti@galeriestacklr.com,,,,,,,,,,,,,,,,,,,,,,,,,,,,,,,,,,,,,,,,,,,,,,,,,,,,,,,,,,,,,,,,,,,,,,,,,,,,,,,,,,,,,,,,,,,,,,,,,,,,,,,,,,,,,,,,,,,,,,,,,,,,,,,,,,,,,,,,,
LCUCHA0080000199,Galerie du Chat à Deux Têtes,Activités sportives / culturelles / séjour itinérants,Autres,,,,,,,,12 rue de Laon,,,8150,LONNY,FRANCE,03 24 41 18 83,,,chatdeuxtetes@gmail.com,,http://lechatdeuxtetes.blogspot.fr/,,49.81497,4.586147,,,,Galerie du Chat à deux têtes,Exposition tous les mois,"Exposition tous les mois, animations,","GALERIE DU CHAT A DEUX TÊTES    La galerie d'art vous propose chaque mois une exposition différente.  Vous allez découvrir des sculptures, des peintures, des illustrations, des photos de différents horizons Entrée 1 , gratuit pour les moins de 12ans. Lespace est disponible à la location pour y organiser des réunions. Juste à côté vous pouvez vous restaurer  ou boire un verre où il est proposé des boissons régionales. Des livres régionaux sont aussi proposés et un espace info tourisme est mis à votre disposition. Il est également possible de recharger vos smartphones ou tablettes, sur place. La galerie est ouverte du mardi au vendredi de 14h à 18h samedi et dimanche de 10h à 12h et de 14h à 19h   Retrouvez le programme sur leur blog : galerie Ou sur page Facebook",,,,,,,,,,,,,,,,,http://cnstlltn.com/master/997d2ea5-0be2-4ba8-bd7e-fb396580768b/997d2ea5-0be2-4ba8-bd7e-fb396580768b_134.jpg,http://cnstlltn.com/master/db56f59f-a017-4d2a-a347-5f9a347527d4/galerie.jpg,http://cnstlltn.com/master/9fa6f4b9-4826-4b4f-9c08-9002195d69b2/9fa6f4b9-4826-4b4f-9c08-9002195d69b2_134.jpg,,,,,,,,,,,,,,,,,,,,,Entreprise,,Jenouvrier,,,chatdeuxtetes@gmail.com,,,,,,,,,,,,,,,français,anglais,,,,Chèques bancaires et postaux,,,,,,,,,,Bar,Jardin,Jardin ombragé,Parc,Parking privé,Restaurant,Salle de réunion,,,,,,,,,,,,,,Informations touristiques,,,,,,,,,,,,,,,,,,,,Animation groupe,Atelier pédagogique,Atelier pour enfants,Concerts,Conférences,,,,,,Y,20,,,,,nouveau,1.00,1.00,,,,,,,,,,,,,,,,,,,,,,,,,,,,,,,,,,,,,,,,,,,,,,,,,,,,,,,,,
LCUCHA0080000176,"Gérald FINOT, sculpteur - plasticien",Activités sportives / culturelles / séjour itinérants,Arts et Artisanat,,,,,,,,6 rue des vignes,,,8400,QUATRE CHAMPS,FRANCE,07 80 07 26 78,,,,,,,49.44225,4.761999,,,,"Gérald FINOT, sculpteur - plasticien",,,Visite du jardin des deux monde : jardin de sculptures et de matériaux divers.Ouvert toute l'année du mardi au samedi midi,,,,,,,,,,,,,,,,,,,,,,,,,,,,,,,,,,,,,,,,,,,,,,,,,,,,,,,,,,,,français,,,,,,,,,,,,,,,,,,,,,,,,,,,,,,,,,,,,,,,,,,,,,,,,,,,,,,,,,,,,,,,,,,,,,,,,,,,,,,,,,,,,,,,,,,,,,,,,,,,,,,,,,,,,,,,,,,,,,,,,,,,,,,,,,,
LCUCHA0080000083,Horloge du Grand Marionnettiste,Activités sportives / culturelles / séjour itinérants,Arts du spectacle,Représentation,,,,,,,,, ,8000,CHARLEVILLE MEZIERES,FRANCE,,,,,,,,49.77361,4.72021,,,,HORLOGE MONUMENTALE DU GRAND MARIONNETTISTE,,,"Un rendez-vous quotidien de marionnettes pour une légende ardennaise captivante. Le Grand Marionnettiste est un personnage en laiton martelé de 10 mètres de haut, intégré dans la façade de l'Institut International de la Marionnette. Chaque jour, toutes les heures (de 10h00 à 21h00), douze saynètes retracent la célèbre légende ardennaise des Quatre Fils Aymon. Le samedi à 21h15, les douze tableaux sont présentés les uns après les autres.",,,,,,,,,,,,,,,,,http://cnstlltn.com/master/568e6c9b-afda-4d11-86cc-65aa9e558edc/568e6c9b-afda-4d11-86cc-65aa9e558edc_134.jpg,,,,,,,,,,,,,,,,,,,,,,,Gestionnaire,,Institut International de la Marionnette,,,institut@marionnette.com,03.24.33.72.50,03.24.33.72.69,Renseignement/Information,,Institut International de la Marionnette,,,institut@marionnette.com,03.24.33.72.50,,,,,,,,,,,,,,,,,,,,,,,,,,,,,,,,,,,,,,,,,,,,,,,,,,,,,,,,,,,,,,,,,,,,,,,,,,,,,,,,,,,,,,,,,,,,,,,,,,,,,,,,,,,,,,,,,,,,,,,,,,,,,,,,,,,,,,,,
LCUCHA0080000090,Institut International de la Marionnette,Activités sportives / culturelles / séjour itinérants,,,,,,,,,"7, place Winston Churchill",, ,8000,CHARLEVILLE MEZIERES,FRANCE,03.24.33.72.50,,03.24.33.72.69,institut@marionnette.com,,www.marionnette.com,,49.77229,4.721908,,,,INSTITUT INTERNATIONAL DE LA MARIONNETTE,,,"L'Institut International de la Marionnette vous propose des expositions et des spectacles de marionnettes tout au long de la saison, dont des chantiers spectacles réalisés par les élèves de l'Ecole Nationale Supérieure des Arts de la Marionnette. Centre de documentation sur les arts de la marionnette et es autres arts (sur rendez-vous).",,,,,,,,,,,,,,,,,http://cnstlltn.com/master/f72bc413-6d12-4f83-8115-2130765fd767/f72bc413-6d12-4f83-8115-2130765fd767_134.jpg,,,,,,,,,,,,,,,,,,,,,,,Renseignement/Information,,Institut International de la Marionnette,,,institut@marionnette.com,03.24.33.72.50,03.24.33.72.69,Autres,,Institut International de la Marionnette,,,institut@marionnette.com,03.24.33.72.50,,,,,,,,,,,,,,,,,,,,,,,,,,,,,,,,,,,,,,,,,,,,,,,,,,,,,,,,,,,,,,,,,,,,,,,,,,,,,,,,,,,,,,,,,,,,,,,,,,,,,,,,,,,,,,,,,,,,,,,,,,,,,,,,,,,,,,,,
LCUCHA0080000197,"Jean-Achille LAURENT, artiste peintre",Activités sportives / culturelles / séjour itinérants,Arts et Artisanat,,,,,,,,19 grande rue,,,8240,TAILLY,FRANCE,03 24 30 02 63,,,,,,,49.38916,5.03662,,,,"Jean-Achille LAURENT, artiste peintre",,,"Venez découvrir l'atelier-galerie du  Peintre des Neiges , Jean-Achille LaurentVisite toute l'année sur rendez-vous",,,,,,,,,,,,,,,,,http://cnstlltn.com/master/83c75676-ed81-41a4-8ed3-87be2cebc70d/83c75676-ed81-41a4-8ed3-87be2cebc70d_134.jpg,http://cnstlltn.com/master/5e2322e9-a079-45ef-a3ae-d18c93182703/automne+%c3%a0+letanne.jpg,http://cnstlltn.com/master/1bc70743-8d5d-44c4-b86c-c18c13ec4fda/printemps+%c3%a0+tailly.jpg,,,,,Animaux acceptés,,,,,,2015-12-02,2016-07-17,,,,,,,,,,,,,,,,,,,,,,,,,,,,,français,,,,,Chèques bancaires et postaux,Espèces,,,,,,,,,,,,,,,,,,,,,,,,,,,,,,,,,,,,,,,,,,,,,,,,,,,,,,,,,,,Y,25,,,,,,,,,,,,,,,,,,,,,,,,,,,,,,,,,,,,,,,,,,,,,,,,,,,,,,,,,,,,,,,,
LCUCHA0080000292,La Forge d'Herpy,Activités sportives / culturelles / séjour itinérants,,,,,,,,,5 rue Ami la Ville,,,8360,HERPY L'ARLESIENNE,FRANCE,03 24 38 49 11,,,dominique@laforgedherpy.com,,http://www.laforgedherpy.com,,49.52439,4.193128,,,,La Forge d'Herpy,,,"Ateliers d'initiation ou de perfectionnement en - modelage/sculpture- poterie au colombin ou à la plaque- tournageAteliers danse hip-hop, magie, ....",,,,,,,,,,,,,,,,,http://cnstlltn.com/master/e61afdbf-b045-4be8-a1bf-3c0b71618464/logo+la+forge.jpg,http://cnstlltn.com/master/f14d6316-6d7f-4de9-9f7f-9f32b41166d3/image+poterie.jpg,http://cnstlltn.com/master/08488f5d-afed-4538-abe3-16bebd139018/forge_herpy_2015_otpr+(24).jpg,,,,,,,,,,,,,,,,,,,,,,,,,,,,,,,,,,,,,,,,,français,,,,,,,,,,,,,,,,,,,,,,,,,,,,,,,,,,,,,,,,,,,,,,,,,,,,,,,,,,,,,,,,,,,,,,,,,,,,,,,,,,,,,,,,,,,,,,,,,,,,,,,,,,,,,,,,,,,,,,,,,,,,,,,,,,
LCUCHA0080000078,La Maison du Filage,Activités sportives / culturelles / séjour itinérants,Arts et Artisanat,,,,,,,,"1, rue du moulin de la Hatrelle",,,8200,FLEIGNEUX,FRANCE,03 24 29 30 34,,,jean-marie.wirion@orange.fr,lamaisondufilage@orange.fr,http://jmetmwirion.monsite.orange.fr,,49.74803,4.948548,586624626,9,,La Maison du Filage,,Ouvert toute l'année sur réservation au 03 24 29 30 34.,"Cette Association Loi de 1901 vous propose : - La visite de son exposition de matériel de filage ancien (Rouets, dévidoirs, porte écheveaux, quenouilles, fuseaux...) provenant de différentes régions.- Un atelier de démonstration de filage au Rouet traditionnel avec initiation à l'utilisation du fuseau et de la quenouille.- L'exposition de différentes matières filées (laine, poils de chats, sous poils de chien et renard, fibres textiles...)Enfin un espace boutique vous propose la vente de réalisations (écharpes, chapeaux...)Visites sur rendez vous au 03 24 29 30 34",The Spinning House,,Open all year by reservation on 03 24 29 30 34.,"This international association governed by French Law offers:- A tour of its antique spinning exhibition material (Spinning wheels, reels, skein holders, distaffs, spindles...) from different regions.- A spinning demonstration workshop using a traditional spinning wheel with an introduction to the use of the spindle and distaff.- Display of different spun materials (wool, cat hair, dog hair and fox fur, textile fibres...)Finally, there is a shop area where you can buy some of our creations (scarves, hats...)Tours by reservation on 03 24 29 30 34",,,,,,,,,,,,,http://cnstlltn.com/master/10e413e5-5935-4d4b-b06b-8c1659eabe51/loisirs_culturels-maison_du_filage-fleigneux-%c2%a9s.ortega-dubois-013.jpg,http://cnstlltn.com/master/5dec7608-2d40-4277-9050-40c9317bd8cb/loisirs_culturels-maison_du_filage-fleigneux-%c2%a9s.ortega-dubois-001.jpg,http://cnstlltn.com/master/adcfb4da-7500-4a73-b694-ffd79ffc4c3a/loisirs_culturels-maison_du_filage-fleigneux-%c2%a9s.ortega-dubois-006.jpg,,,,,,Accès handicapés,,,,,,,,,,,,,,,Propriétaire,,WIRION,Jean Marie,,lamaisondufilage@orange.fr,03 24 29 30 34,,Information,,WIRION,Jean Marie,,lamaisondufilage@orange.fr,03 24 29 30 34,,,,,,français,,,,,Chèques bancaires et postaux,Espèces,,,,,,,,,Boutiques,,,,,,,,,,,,,,,,,,,,Boutique,Informations touristiques,,,,,,,,,,,,,,,,,,,Atelier pédagogique,Visite,,,,,,,,,Y,12,2,,,,Tarif enfant (4-12 ans),2.00,2.00,Tarif adulte,3.00,3.00,,,,,,,,,,,,,,,,,,,,,,,,,,,,,,,,,,,,,,,,,,,,,,,,,,,,,,
LCUCHA0080000085,La Pantoufle Ardennaise,Activités sportives / culturelles / séjour itinérants,Arts et Artisanat,,,,,,,,"22, rue Emile Zola",,,8200,SEDAN,FRANCE,03 24 29 58 51,,,lapantoufleardennaise@gmail.com,,http://www.lapantoufleardennaise.fr/,,49.69772,4.933405,,,,La Pantoufle Ardennaise,,Ouvert toute l'année.Du mardi au samedi de 9h à 12h et de 14h30 à 18h.,"La Pantoufle Ardennaise est une petite entreprise artisanale unique en Champagne-Ardenne, qui crée et fabrique des pantoufles en cousu retourné ainsi que des mules pour hommes et femmes, dans un large choix de modèles et coloris. 7 étapes sont nécessaires pour la fabrication d'une pantoufle : venez les découvrir.",The Ardennes Slipper,,Open all year. From Tuesday to Saturday from 9am to 12pm and from 2pm to 6pm.,"The Ardennes Slipper is a small and unique craft business in Champagne-Ardenne, which creates and manufactures slippers using the stitch and return method, as well as mules for men and women in a wide range of models and colours. Making slippers requires 7 steps: come and find out what they are!",,,,,,,,,,,,,http://cnstlltn.com/master/59efb743-6ed1-40fc-bf72-b316b5a83379/59efb743-6ed1-40fc-bf72-b316b5a83379_134.jpg,,,,,,,,,,,,,,,,,,,,,,,Propriétaire,,HUSSON,Catherine,,lapantoufleardennaise@gmail.com,03 24 29 58 51,,Information,,HUSSON,Catherine,,lapantoufleardennaise@gmail.com,03 24 29 58 51,,,,,,français,,,,,,,,,,,,,,,,,,,,,,,,,,,,,,,,,,,,,,,,,,,,,,,,,,,,,,,,,,,,,,,,,,,,,,,,,,,,,,,,,,,,,,,,,,,,,,,,,,,,,,,,,,,,,,,,,,,,,,,,,,,,,,,,,,
LCUCHA0080000289,L'atelier d'art ,Activités sportives / culturelles / séjour itinérants,Autres,Cours,,,,,,,Place de l'Octroi,,,8300,RETHEL,FRANCE,03 24 72 76 09 ,,,dinet.m@mcom.fr,,http://www.ateliermartinedinet.fr,,49.34439,4.324151,,,,L'atelier d'art,,,Cours de peinture et dessin animés par J.P. LAZAGNEAbonnement annuelEspace Linard à RETHELChaque semaine du lundi au jeudi de 14 h à 17 h et le vendredi de 19 h 30 à 22 h 30,,,,,,,,,,,,,,,,,http://cnstlltn.com/master/f1376d2e-a307-4aed-8160-8f0cd0f16dad/atelier+d%27art+de+rethel.jpg,,,,,,,,,,,,,,,,,,,,,,,,,,,,,,,,,,,,,,,,,,,français,,,,,,,,,,,,,,,,,,,,,,,,,,,,,,,,,,,,,,,,,,,,,,,,,,,,,,,,,,,,,,,,,,,,,,,,,,,,,,,,,,,,,,,,,,,,,,,,,,,,,,,,,,,,,,,,,,,,,,,,,,,,,,,,,,
LCUCHA0080000296,L'Atelier de Muriel - Poterie,Activités sportives / culturelles / séjour itinérants,Arts et Artisanat,,,,,,,,24 rue haute,,,8400,SAVIGNY SUR AISNE,FRANCE,03 24 30 78 99 ,,,latelierdemuriel@orange.fr,,,,49.35779,4.723646,,,,L'Atelier de Muriel - Poterie,,Ouvert toute l'année sur RDV,Visite de découverte commentée d'un atelier de poterie artisanale. Toute l'année sur RDV (les vendredis sauf Juillet-Août : quelques samedis),,,,,,,,,,,,,,,,,http://cnstlltn.com/master/7a8ace77-885f-4ce6-84f8-0b52db1336d8/2%c2%a9atelier+de+muriel.jpg,http://cnstlltn.com/master/71633546-b704-4bca-af18-83aa27bb00d0/3%c2%a9atelier+de+muriel.jpg,http://cnstlltn.com/master/e952334b-fafc-4bfc-8d8f-c4f62085653e/5%c2%a9atelier+de+muriel.jpg,,,,,Animaux acceptés,,,,,,,,,,,,,,,,Réservation Directe,,RATAUX,Muriel,,,,,,,,,,,,,,,,,français,,,,,Espèces,Eurocard - Mastercard,,,,,,,,,,,,,,,,,,,,,,,,,,,,,,,,,,,,,,,,,,,,,,,,,,,,,,,,,,,Y,,,,,,,,,,,,,,,,,,,,,,,,,,,,,,,,,,,,,,,,,,,,,,,,,,,,,,,,,,,,,,,,,
LCUCHA0080000003,L'ATELIER STERPIGNIEN,Activités sportives / culturelles / séjour itinérants,,,,,,,,,1 place de Meslier,,,8160,ETREPIGNY,FRANCE,+33 (0)3 24 54 01 12,,,,,http://www.atelier-sterpignien.com,,49.68526,4.75005,,,,L'ATELIER STERPIGNIEN,,ATELIER DE PEINTURE,"Atelier de pratiques picturales se réunissant le lundi de 17h30 à 19h30. Dix à quinze personnes,amateurs autodidactes. Toutes techniques. Pas de professeur.",,,,,,,,,,,,,,,,,http://cnstlltn.com/master/52bcde8c-8f3c-48a5-b462-dab2ff2d3e1f/atelier+sterpignien.jpg,,,,,,,,,,,,,,,,,,,,,,,Organisateur,,FRANCOIS,Chantal,,,,,,,,,,,,,,,,,français,,,,,,,,,,,,,,,,,,,,,,,,,,,,,,,,,,,,,,,,,,,,,,,,,,,,,,,,,,,,,,,,,,,,,,,,,,,,,,,,,,,,,,,,,,,,,,,,,,,,,,,,,,,,,,,,,,,,,,,,,,,,,,,,,,
LCUCHA0080000068,"Le Manège (cinema, shows)",Activités sportives / culturelles / séjour itinérants,Arts du spectacle,Spectacle,,,,,,,Esplanade Jacques Sourdille,, ,8600,GIVET,FRANCE,audiotel : +33 (0)892 682 331 (0.34Euros/min),09 77 34 72 22 ,,manegegivet@orange.fr,,www.lemanege.fr,,50.13535,4.821135,392926689,,,- libellé non renseigné - (français),,"Salles de cinéma (Films en VF, VOST, 3D et diffusion sur grand écran de concert, Opéra, Ballet et manifestations sportives, etc) et espace de spectacles vivants (théâtre, chant, concert, marionnette, cirque etc.)","Salles de cinéma (Films en VF, VOST, 3D et diffusion sur grand écran de concert, Opéra, Ballet et manifestations sportives, etc) et espace de spectacles vivants (théâtre, chant, concert, marionnette, cirque etc.)",,,"Cinema and auditorium : concerts, theatre, muppets...","Movie theatre (Films in French version or in original version with subtitles  3D films - widescreen broadcast : Concert-opera-ballet and sports events) but also a place for live shows such as theatre, song, concert, puppets, circus)",,,,,,,,,,,,,http://cnstlltn.com/master/bbe272d5-92c5-4d5f-bcba-a6f750b4b966/dsc04976a.jpg,http://cnstlltn.com/master/cb5ea107-cea7-4c86-83a0-ab2286110438/givet001.jpg,http://cnstlltn.com/master/5beda210-5d42-4353-a02f-f5043500a9e1/bg45796a.jpg,,,,,,Accès handicapés,Handicap moteur,,,,2015-11-09,2016-12-31,,,,,,,,,Autres,,MENAGE,Françoise,,,03 24 40 14 40,,,,,,,,,,,,,,anglais,,,,,Bons CAF,Chèques,Chèques bancaires et postaux,Chèques Vacances,Espèces,Eurocard - Mastercard,Visa,Carte bancaire,Cartes de paiement,,Parking autocar,Salle d'animation,Salle de projection,Salle des fêtes-spectacle,,,,,,,,,,,,,,,,,Club Adolescents,Club Enfants,Cyber espace / bornes accès Internet,Informations touristiques,,,,,,,,,,,,,,,,,,,,,,,,,,,Y,370,10,,,,Cinéma (tous les jeudis),5.00,5.00,Cinéma (3D),5.00,8.80,Cinéma (abonnement 5 places - valable 1 an),37.00,37.00,Cinéma,4.00,7.80,Spectacles,6.00,30.00,Cinéma (abonnement 10 places - valable 1 an),62.00,62.00,,,,,,,,,,,,,,,,,,,,,,,,,,,,,,,,,,,,,,,,,,
LCUCHA0080000208,LE MOULIN A COULEURS - POIX Emmanuel,Activités sportives / culturelles / séjour itinérants,Arts et Artisanat,Multiactivités,,,,,,,"4, Hameau Bonne Fontaine",,,8130,ECORDAL,FRANCE,03 24 71 22 75,,03 24 71 25 54,moulincouleurs@wanadoo.fr,,http://www.moulincouleurs.fr,,49.53767,4.576047,,,,Moulin à Couleurs,Dernier Moulin à Couleurs de France,Fabrique de terres colorantes,"M. POIX vous propose 8 dates pour aller visiter ce magnifique site. Dernier Moulin à Couleurs en France à fabriquer des pigments naturels, le Moulin à Couleurs vous livrera ses secrets de fabrication grâce à la visite guidée du maître des lieux, Emmanuel Poix. Chaque visite à 14h00  Durée : 1h/1h30 Visite GRATUITE uniquement sur réservation auprès de l'Office de Tourisme des Crêtes Préardennaises au 03.24.35.02.69",,,,,,,,,,,,,,,,,http://cnstlltn.com/master/3d62f41d-3f8b-47d8-a66f-7deb68fd886b/logo+moulin+ecordal.jpg,http://cnstlltn.com/master/6329ccee-13cf-4300-a7f0-25f84c215439/1-moulin+a+couleur.jpg,http://cnstlltn.com/master/1c405a3c-11d7-4252-a53e-6b889a379ab4/moulin+a+couleurs+1.jpg,,,,,,Accès handicapés,,,,,,,,,,,,,,,Autres,,POIX,Emmanuel,,moulincouleurs@wanadoo.fr,03.24.71.22.75,03.24.71.25.54,,,,,,,,,,,,,français,,,,,Chèques,Chèques bancaires et postaux,Eurocard - Mastercard,Carte bancaire,,,,,,,Boutiques,Parking,Parking privé,,,,,,,,,,,,,,,,,,Boutique,,,,,,,,,,,,,,,,,,,,Animation groupe,Atelier pour adultes,Visite,,,,,,,,Y,35,10,,,,,,,,,,,,,,,,,,,,,,,,,,,,,,,,,,,,,,,,,,,,,,,,,,,,,,,,,,,,,,,
LCUCHA0080000015,Les Ours des Crêtes,Activités sportives / culturelles / séjour itinérants,Arts et Artisanat,,,,,,,,"2, rue de Bettemay",,,8430,CHAGNY,FRANCE,+33 (0)3 24 32 48 09,,,,,http://www.lesoursdescretes.com,,49.57666,4.703693,,,,Les Ours des Crêtes,Ours de collection en peluche,"Les Ours des Crêtes attendent avec impatience votre visite. N'hésitez pas à venir les voir dans leur berceau d'origine, à Chagny dans les Ardennes","C'est en mai 2005 que l'atelier  Les Ours des Crêtes  a vu le jour dans la petite commune de Chagny, village des Crêtes Préardennaises.Depuis cette date et après de nombreuses heures de travail, des ours en peluche sortent de leur tanière, baptisés, attendant une adoption.Les créations de Valérie Gobez ne sont pas exclusivement destinées aux arctophiles (collectionneurs) : elles sauront aussi apporter bonheur et tendresse à tous ceux qui ont gardé leur âme d'enfant et la passion pour ces  nounours , aujourd'hui ours de collection et compagnons hors du commun.",,,,,,,,,,,,,,,,,http://cnstlltn.com/master/c2fc3ef6-f673-4bb5-a42f-63188972d380/c2fc3ef6-f673-4bb5-a42f-63188972d380_134.jpg,,,,,,,,,,,,,,,,,,,,,,,,,,,,,,,,,,,,,,,,,,,français,,,,,,,,,,,,,,,,,,,,,,,,,,,,,,,,,,,,,,,,,,,,,,,,,,,,,,,,,,,,,,,,,,,,,,,,,,,,,,,,,,,,,,,,,,,,,,,,,,,,,,,,,,,,,,,,,,,,,,,,,,,,,,,,,,
LCUCHA0080000295,LES OURS DES CRÊTES - Valérie GOBEZ,Activités sportives / culturelles / séjour itinérants,Arts et Artisanat,,,,,,,,"2, Rue de Bettemay",,,8430,CHAGNY,FRANCE,03 24 32 48 09,,,http://www.lesoursdescretes.com/contact?PHPSESSID=9l7vvqo31n416oul68nqq07lr4,,http://www.lesoursdescretes.com/,,49.57479,4.713088,,,,Valérie GOBEZ,Créatrice d'ours en peluche,Ğ L'artisanat est pour moi le plus beau métier du monde ğ,"C'est en mai 2005 que l'atelier  Les Ours des Crêtes  a vu le jour dans la petite commune de Chagny, village des crêtes pré-ardennaises. Depuis cette date et après de nombreuses heures de travail, des ours en peluche sortent de leur tanière, baptisés tour à tour et attendant une adoption. Secrétaire médicale depuis de nombreuses années, Valérie a décidé en juillet 2010 de se consacrer entièrement à la création d'ours en peluche - ours de collection, espérant ainsi faire de sa passion et de son talent un véritable métier. Les Ours de Crêtes ne sont pas exclusivement destinés aux arctophiles (collectionneurs) : ils sauront aussi apporter bonheuret tendresse à tous ceux qui ont gardé leur âme d'enfant et la passion pour ces nounours , aujourd'hui ours de collection et compagnons hors du commun Consulter le site",,,,,,,,,,,,,,,,,http://cnstlltn.com/master/b5a3e57f-3838-45eb-9b4b-63d3083a4813/ours+des+cretes.png,,,,,,,Animaux acceptés,,,,,,,,,,,,,,,,Autres,,GOBEZ,Valérie,,,03 24 32 48 09,,,,,,,,,,,,,,français,,,,,,,,,,,,,,,,,,,,,,,,,,,,,,,,,,,,,,,,,,,,,,,,,,,,,,,Atelier pédagogique,Visite,,,,,,,,,Y,,,,,,,,,,,,,,,,,,,,,,,,,,,,,,,,,,,,,,,,,,,,,,,,,,,,,,,,,,,,,,,,,
LCUCHA0080000050,Maison de la Nature ,Activités sportives / culturelles / séjour itinérants,Social et Scolaire,Multiactivités,,,,,,,5 rue de la héronnière,,,8240,BOULT AUX BOIS,FRANCE,+33 (0)3 24 30 24 98,,,maisonnatureboult@gmail.com,,http://www.maison-nature-boult.eu,,49.43053,4.838791,,,,Maison de la Nature de Boult-aux-Bois,L'Education à l'Environnement et au Développement Durable,* Animations scolaires et groupes* Formations* Études et aménagements* Ecotourisme,"La Maison de la Nature vous propose des sorties nature thématiques (selon un calendrier ou sur RDV pour les groupes), un point d'accueil permanent présentant ses différentes activités, un espace de découverte autonome de la mare et un circuit nature et GPS. Pour les scolaires, périscolaires, adultes et familles.La Maison de la Nature est aussi un Relais d'informations Touristiques en saison d'Avril à Septembre.  Adhérent au réseau départemental  Ardennes, Nature et Aventures , accueil et prestations de qualité. ",,,,,,,,,,,,,,,,,http://cnstlltn.com/master/f7309954-967f-4993-bdcc-d4b9aaf72f81/f7309954-967f-4993-bdcc-d4b9aaf72f81_134.jpg,http://cnstlltn.com/master/28017595-fb23-4a28-a408-b54d532aadb1/logo+ardennes+nature%26aventures-police-modifiee.png,http://cnstlltn.com/master/3ac14510-5ad8-4772-877b-360d95d05590/logo+ardennes+nature%26aventures-police-modifiee.png,,,,,,Accès handicapés,,,,,,,,,,,,,,,Association,,Maison de la Nature de Boult-aux-Bois ,,,maisonnatureboult@gmail.com,+33 (0)3 24 30 24 98,,,,,,,,,,,,,,français,,,,,Chèques,Chèques bancaires et postaux,Espèces,,,,,,,,Salle d'animation,Sentiers balisés,,,,,,,,,,,,,,,,,,,Informations touristiques,,,,,,,,,,,,,,,,,,,,Atelier pédagogique,Visite,,,,,,,,,Y,,,,,,Livret découverte du sentier du Gros Chêne,0.00,2.00,Adulte,0.00,5.00,Individuel,3.00,10.00,Enfant,0.00,3.00,Famille,0.00,12.00,Groupe,135.00,300.00,,,,,,,,,,,,,,,,,,,,,,,,,,,,,,,,,,,,,,,,,,
LCUCHA0080000127,Maryse Maillard-Félix,Activités sportives / culturelles / séjour itinérants,Arts et Artisanat,,,,,,,,1 chemin des Bruyères,,Tivoli,8130,LA SABOTTERIE,FRANCE,03 24 71 07 55,,,maryse@entransparence.com,,http://www.maryse-maillard-felix.com,http://www.entransparence.com,49.54849,4.671421,,,,EN TRANSPARENCE - MAILLARD-FÉLIX Maryse,"Vitrail, Peinture sur verre & Fusing",Artiste plasticien verrier,"Forte d'une expérience en maquillage professionnelle, Maryse Maillard Félix découvre en 2001 l'art et la technique du verre, d'abord par le biais du vitrail puis par celui du fusing, une technique qui permet une création artistique sans limite. Une seconde passion prend naissance, qu'elle fait partager au plus grand nombre au travers de ces stages. * Possibilités de faire différents stages sont proposés : 1/ Stage Initiation VITRAIL Prix du stage : 490  Matériel etfournitures inclus (35h00) 2/ Stage Initiation TECHNIQUE TIFFANY Prix du stage : 490  Matériel etfournitures inclus (35h00) 3/ Initiation PEINTURE SUR VERRE Prix du stage : 490  Matériel etfournitures inclus. 35 heures. 4/ Stage Fusing / Thermoformage Prix du stage : 590  Matériel etfournitures inclus. 35 heures. 5/ Stage CRÉATION PERSONNELLE Prix sur devis  Matériel et fournituresinclus La durée dépend du projet. Soit 5 jours d'affilés. Soit d'autres possibilités en fonction de la disponibilité du stagiaire. - NOTES  :Les dates et horaires sont définies par le formateur en accord avec lestagiaire.  Un acompte de 30% sera demandé à l'engagement.  L'hébergement et les repas sont à la charge du stagiaire qui peut apporter son pique-nique et déjeuner sur place. Consulter le site   TOUTE L'ANNÉE SUR RDV (possibilité le week-end)",,,,,,,,,,,,,,,,,http://cnstlltn.com/master/ac6bda69-ef43-44aa-b42b-f03aac249925/ac6bda69-ef43-44aa-b42b-f03aac249925_134.jpg,http://cnstlltn.com/master/ad3908b3-fe6c-4650-a1da-f3fd7f81a546/ad3908b3-fe6c-4650-a1da-f3fd7f81a546_134.jpg,http://cnstlltn.com/master/9af054bb-6875-4818-af14-881e2cddb1ac/9af054bb-6875-4818-af14-881e2cddb1ac_134.jpg,,,,,,Accès handicapés,,,,,,,,,,,,,,,Propriétaire,,MAILLARD-FÉLIX,Maryse,,maryse@entransparence.com,03 24 71 07 55,,,,,,,,,,,,,,français,,,,,Chèques bancaires et postaux,Espèces,Carte bancaire,,,,,,,,Parking,,,,,,,,,,,,,,,,,,,,,,,,,,,,,,,,,,,,,,,,Atelier pour adultes,Visite,,,,,,,,,Y,,10,,,,,,,,,,,,,,,,,,,,,,,,,,,,,,,,,,,,,,,,,,,,,,,,,,,,,,,,,,,,,,,
LCUCHA0080000276,MCL Ma bohême : Sculpture argile,Activités sportives / culturelles / séjour itinérants,Arts et Artisanat,Stage d'initiation,,,,,,,21 rue d'Aubilly,MCL Ma Bohême,,8000,CHARLEVILLE MEZIERES,FRANCE,03 24 33 31 85,,,,,,,49.77414,4.724782,,,,MCL Ma Bohême : Sculpture Argile,,le samedi de 9h30 à 11h30le lundi de 18h00 à 20h00,"Plus de 70 activités différentes dans cette maison de la culture et des loisirs très dynamique qui emménage dès le 1er septembre dans ses nouveaux locaux rue d'Aubilly. Des activités pour tous, à tout âge et dans tous les domaines.Cette activité autour de la sculpture et du travail de l'argile est une nouveauté, tant pour enfants que pour adultes.",,,,,,,,,,,,,,,,,http://cnstlltn.com/master/fafcbeef-6818-4716-ae4a-292e3d8e4b71/sculpture.jpg,,,,,,,,Accès handicapés,,,,,,,,,,,,,,,,,,,,,,,,,,,,,,,,,,,français,,,,,,,,,,,,,,,Ascenseur,,,,,,,,,,,,,,,,,,,,,,,,,,,,,,,,,,,,,,,,Atelier pour adultes,Atelier pour enfants,,,,,,,,,,,,,,,,,,,,,,,,,,,,,,,,,,,,,,,,,,,,,,,,,,,,,,,,,,,,,,,,,,,,,,,,,,
LCUCHA0080000093,Médiathèque Voyelles,Activités sportives / culturelles / séjour itinérants,,,,,,,,,2 Place Jacques Félix,, ,8000,CHARLEVILLE MEZIERES,FRANCE,03 24 26 94 40,,,,,http://www.mediatheque-voyelles.fr,,49.77454,4.72365,,,,MEDIATHEQUE VOYELLES,,,"La médiathèque Voyelles, qui reste la bibliothèque centrale de Charleville-Mézières, conserve des collections très anciennes (du Moyen-Age au 19e siècle) et des fonds spécialisés, notamment sur Rimbaud et les Ardennes. Elle propose des collections imprimées et audiovisuelles dans tous les domaines et pour tous les publics. Elle dispose d'une salle multimédia",,,,,,,,,,,,,,,,,http://cnstlltn.com/master/95ce1ad4-3254-483e-9361-a3ad2d4f2997/95ce1ad4-3254-483e-9361-a3ad2d4f2997_134.jpg,,,,,,,,,,,,,,,,,,,,,,,,,,,,,,,,,,,,,,,,,,,,,,,,,,,,,,,,,,,,,,,,,,,,,,,,,,,,,,,,,,,,,,,,,,,,,,,,,,,,,,,,,,,,,,,,,,,,,,,,,,,,,,,,,,,,,,,,,,,,,,,,,,,,,,,,,,,,,,,,,,,,,,,,,,,,,
LCUCHA0080000294,MON JARDIN - Sam en HANS,Activités sportives / culturelles / séjour itinérants,Arts et Artisanat,,,,,,,,"8, Rue de Draize",,,8430,OMONT,FRANCE,03 24 53 40 56,,,sam.peeters@live.nl,,http://www.wilmypeeters.nl,,49.59853,4.730995,,,,MON JARDIN - Sam en Hans,Artiste ,,"Après avoir étudié à l'école des beaux arts en Hollande, il a commencé à travailler comme artiste professionnelle à 20 ans. D'abord dans la tapisserie, il a relaté les histoires de sa vie. Après 30 ans, ses histoires étaient toutes racontées. Par accident, il a rencontré le vitrail et il devient enthousiaste. Son  ami de mariage et lui ont travaillé dans son atelier pendant 20 ans. Pendant cette période, ila travaillé seul pour des clients et pas pour lui-même. On peut visiter le site internet : ICI Ils ont décidé de vivre à Omont pour vivre une autre vie : ne plus travailler pour les clients mais créer pour lui-même, jouer dans son  Jardin d'enfants  à Omont. C'est un verger de l'autre côté de la montagne. Après l'avoir défriché, une explosion a envahi son esprit : il fallait commencer à créer pour  MON JARDIN . Il est inspiré parle fer, les outils de bricolage et d'autres objets que je trouve sur les brocantes ardennaises. Grâce à ces objets, il raconte ses histoires d'aujourd'hui, ses passions, ses fascinations, ses mémoires et surtout ses amours, ce sont des instantanés par le choix du matériel et du thème. Les objets sont mortels, il est très touché par la fragilité d'une pièce d'art, c'est pourquoi il veut montrer les objets de  MON JARTDIN  qui ne seront peut-être plus la demain. Il veut offrir une expérience aux personnes qui visiteront  SON JARDIN .   A partir de la MI-JUIN,  MON JARDIN  sera ouvert pour toute l'année Ouvert toute l'année sur RDV",,,,,,,,,,,,,,,,,http://cnstlltn.com/master/53839b53-62db-4b1e-90b7-21debf6d6863/jardin+d%27omont+01.jpg,http://cnstlltn.com/master/3bc9487e-877f-4d41-982b-9a12c04a533f/jardin+d%27omont+03+%5b1024x768%5d+(2).jpg,http://cnstlltn.com/master/7b61ac63-6584-43bf-8624-eac07789679a/jardin+d%27omont+03.jpg,,,,,Animaux acceptés,Accès handicapés,,,,,,,,,,,,,,,Propriétaire,,PEETERS,Sam,,,,,,,,,,,,,,,,,français,,,,,Chèques,Chèques bancaires et postaux,Espèces,,,,,,,,Jardin,,,,,,,,,,,,,,,,,,,,,,,,,,,,,,,,,,,,,,,,Visite,,,,,,,,,,Y,,10,,,,,,,,,,,,,,,,,,,,,,,,,,,,,,,,,,,,,,,,,,,,,,,,,,,,,,,,,,,,,,,
LCUCHA0080000239,Monique LUBIATO - Peinture décorative,Activités sportives / culturelles / séjour itinérants,Arts et Artisanat,,,,,,,,22 rue de Vouziers,,,8310,HAUVINE,FRANCE,06 88 75 37 89 ,,,lubiato@wanadoo.fr,,,,49.31064,4.406687,,,,Monique LUBIATO - Peinture décorative,,,"Visite de l'atelier. Peinture qui redonne vie aux objets (en bois, en verre, plastique ou en métal) et qui s'articule autour de l'utile et du décoratif. Personnalisation possible sur commande. Portes Ouvertes se référer à l'Agend'Argonne. Visite gratuiteOuverture sur RDV, tout l'année.",,,,,,,,,,,,,,,,,http://cnstlltn.com/master/4d2ed278-b96c-411c-81d8-982dac3ae4aa/atelier+mme+lubiato+%c2%a9+otaa+-+micka%c3%abl+jeanty++(1).jpg,http://cnstlltn.com/master/4a6b0d05-ab34-4f5c-8e3d-2a2a6ed35fb1/meuble+%c2%a9+lubiato.bmp,http://cnstlltn.com/master/3a73a27e-d6b7-41c0-bb59-a83417001614/atelier+mme+lubiato+%c2%a9+otaa+-+micka%c3%abl+jeanty++(7).jpg,,,,,,,,,,,,,,,,,,,,,Réservation Directe,,LUBIATO,Monique,,lubiato@wanadoo.fr,06 88 75 37 89 ,,,,,,,,,,,,,,français,,,,,Chèques bancaires et postaux,Espèces,,,,,,,,,,,,,,,,,,,,,,,,,,,,,Boutique,,,,,,,,,,,,,,,,,,,,Atelier pour adultes,Atelier pour enfants,Visite,,,,,,,,Y,,4,,,,,,,,,,,,,,,,,,,,,,,,,,,,,,,,,,,,,,,,,,,,,,,,,,,,,,,,,,,,,,,
LCUCHA0080000101,Musée de la Vache,Activités sportives / culturelles / séjour itinérants,Loisirs récréatifs,,,,,,,,16 rue du Faubourg,,,8240,BRIEULLES SUR BAR,FRANCE,03 24 30 61 41,,,dedisse.chantal@orange.fr,,,,49.4766,4.853425,,,,Musée de la Vache,,,"Les vaches n'ont plus de secret pour Mme Turquin qui collectionne tout ce qui se rapporte à ces bovidés. A Brieulles-sur-Bar, environ 1000 vaches sont présentées dans différents univers : dans la salle de l'école, dans le salon de coiffure ou encore dans la cuisine ou la salle de bain.Ouvert les samedis de 14h à 18h ou sur RDV.",,,,,,,,,,,,,,,,,http://cnstlltn.com/master/58c02a2e-de7a-4a03-8375-9419178c8c47/mus%c3%a9e+vache.jpg,http://cnstlltn.com/master/d9069f89-e73d-4707-a4f6-bca3278ac9ab/mus%c3%a9e+de+la+vache.bmp,,,,,,,,,,,,,,,,,,,,,,Propriétaire,,TURQUIN,Yolande,,,,,,,,,,,,,,,,,français,,,,,,,,,,,,,,,,,,,,,,,,,,,,,,,,,,,,,,,,,,,,,,,,,,,,,,,,,,,,,,,,,,,,,,,,,,,,,,,,,,,,,,,,,,,,,,,,,,,,,,,,,,,,,,,,,,,,,,,,,,,,,,,,,,
LCUCHA0080000214,Musée du modèle réduit,Activités sportives / culturelles / séjour itinérants,,,,,,,,,"62, rue des 3 Fourchettes",,,8600,GIVET,FRANCE,,,,trainminiaturegivetois@gmail.com,,,,50.14864,4.819007,,,,Musée du modéle réduit - Givet-Ardenne-France,Train miniature givetois,"Crée en 2002, le Train Miniature Givetois à pour but de recréer par le modélisme ferroviaire une maquette imaginaire de trains miniatures directement inspirée par la pointe des Ardennes. Une découverte du réseau ferroviaire et des reproductions de trains miniatures saisissantes de réalisme.","Musée ouvert d'Avril à Septembre.En avril, mai, juin et septembre, le musée est ouvert uniquement le week-end de 14h à 18hEn juillet et août, il est ouvert tous les jours de 14h à 19hPrix d'entrée: 2 Gratuit pour les enfants de moins de 10 ans accompagnés.Visite possible pour les groupes.BON A SAVOIR :Le musée peut accueillir un maximum de 8 personnes par visite.Il est donc vivement recommandé de contacter le musée 48h avant votre visite, soit par email: trainminiaturegivetois@gmail.com soit par téléphone au 06 82 82 57 65Informations complémentaires sur: Normal 0 21 false false false FR X-NONE X-NONE MicrosoftInternetExplorer4 Site Web /* Style Definitions */ table.MsoNormalTable",{mso-style-name: Tableau Normal ;,mso-tstyle-rowband-size:0;,mso-tstyle-colband-size:0;,mso-style-noshow:yes;,mso-style-priority:99;,mso-style-qformat:yes;,mso-style-parent:  ;,mso-padding-alt:0cm 5.4pt 0cm 5.4pt;,mso-para-margin:0cm;,mso-para-margin-bottom:.0001pt;,mso-pagination:widow-orphan;,font-size:11.0pt;,"font-family: Calibri , sans-serif ;",mso-ascii-font-family:Calibri;,mso-ascii-theme-font:minor-latin;,mso-fareast-font-family: Times New Roman ;,mso-fareast-theme-font:minor-fareast;,mso-hansi-font-family:Calibri;,mso-hansi-theme-font:minor-latin;,mso-bidi-font-family: Times New Roman ;,mso-bidi-theme-font:minor-bidi;},Museum of the reduced model - Givet-Ardenne-France,Miniature Train givetois,Discovery of the rail network and miniature reproductions of trains striking realism.,"The museum is open from April to the end of September (All year long: booking is required)In April, May, June and September, the museum is open only on weekends from 2pm to 5pm In July and August, the museum is open every day from 1.30pm to 6pmAdmission: 2.50 Free for the children under 10 years. GOOD TO KNOW: The museum can welcome a maximum of 8 persons per visit. It is strongly recommended to contact the museum 24 hours prior to your visit, by email: trainminiaturegivetois@gmail.comor by phone at 06 82 82 57 65 Additional information: Website",,,,,,,,,,,,,http://cnstlltn.com/master/8f95966e-687b-4446-8fcb-7cc962d2e728/train+miniature.jpg,,,,,,,,Accès handicapés,,,,,,,,,,,,,,,Autres,,FREMAUX,Fabien,,,,,,,,,,,,,,,,,français,,,,,,,,,,,,,,,,,,,,,,,,,,,,,,,,,,,,,,,,,,,,,,,,,,,,,,,,,,,,,,,,,,,,,,,Prix d'entrée,2.50,2.50,,,,,,,,,,,,,,,,,,,,,,,,,,,,,,,,,,,,
LCUCHA0080000182,"Nicole ZEIMET, aquarelliste",Activités sportives / culturelles / séjour itinérants,Arts et Artisanat,Stage d'initiation,,,,,,,2 rue du mont ,,,8250,MARCQ,FRANCE,03 24 30 50 09,,,nicole.zeimet@wanadoo.fr,,http://www.nicolezeimet.fr,,49.31775,4.928808,,,,"Nicole ZEIMET, aquarelliste",,,"Découvrez le patchwork aquarellé, où l'artiste vous fera découvrir ses émotions. Cours et stages d'aquarelles",,,,,,,,,,,,,,,,,http://cnstlltn.com/master/2fa3c045-20a5-47e9-bde2-a88ca97d7b32/2fa3c045-20a5-47e9-bde2-a88ca97d7b32_134.jpg,http://cnstlltn.com/master/4eb68b21-e0dc-4092-9242-4fedf8de795a/4eb68b21-e0dc-4092-9242-4fedf8de795a_134.jpg,http://cnstlltn.com/master/982448a7-df45-4551-81aa-6600c8cf9b4b/982448a7-df45-4551-81aa-6600c8cf9b4b_134.jpg,,,,,,,,,,,,,,,,,,,,,,,,,,,,,,,,,,,,,,,,,français,allemand,,,,,,,,,,,,,,,,,,,,,,,,,,,,,,,,,,,,,,,,,,,,,,,,,,,,,,Atelier pour adultes,,,,,,,,,,,,,,,,,,,,,,,,,,,,,,,,,,,,,,,,,,,,,,,,,,,,,,,,,,,,,,,,,,,,,,,,,,,
LCUCHA0080000263,Office de Tourisme de Charleville-Mézières et sa région,Activités sportives / culturelles / séjour itinérants,Patrimoine,,,,,,,,4 place Ducale,Office de Tourisme de Charleville-Mézières,,8000,CHARLEVILLE MEZIERES,FRANCE,03 24 55 69 90,,03 24 55 69 89,charl.mez@orange.fr,,http://www.charleville-tourisme.com,,49.77397,4.719927,,,,Office de Tourisme de Charleville-Mézières et sa région,,Animations toute l'année et en saison - Visites guidées pour individuels regroupés et groupes,"Pour le compte de particuliers en visite, de groupes constitués, associations, autocaristes et agences de voyages, l'Office de Tourisme de Charleville-Mézières et sa région organise : - toute l'année pour les groupes sur réservation des visites guidées sur de multiples thèmes ;- d'avril à octobre pour les individuels regroupés des visites thématiques et chasses au trésor.",,,,,,,,,,,,,,,,,http://cnstlltn.com/master/c98f3999-a7bf-4617-aca0-8fb4109fb163/2006-09-21-094337_web.jpg,,,,,,,Animaux acceptés,Accès handicapés,,,,,,,,,,,,,,,,,,,,,,,,,,,,,,,,,,,français,anglais,allemand,espagnol,néerlandais,Carte de crédit,Chèques,Espèces,Visa,,,,,,,,,,,,,,,,,,,,,,,,,,,Informations touristiques,,,,,,,,,,,,,,,,,,,,Animation groupe,Atelier pour enfants,Visite,,,,,,,,Y,35,10,,,,visites guidées pour groupes,125.00,0.00,visites guidées individuelles regroupés à partir de ,5.00,0.00,,,,,,,,,,,,,,,,,,,,,,,,,,,,,,,,,,,,,,,,,,,,,,,,,,,,,,
LCUCHA0080000007,Parc Argonne Découverte,Activités sportives / culturelles / séjour itinérants,Loisirs récréatifs,Pratique libre,,,,,,,RD 946 - Bois de Roucy,,,8250,OLIZY PRIMAT,FRANCE,03 24 71 07 38,,03 24 71 47 81,,,http://www.parc-argonne-decouverte.fr,,49.34636,4.775089,,,,Parc Argonne Découverte,,- Du 6 février au 1er avril : Mer/ Jeu/ Ven/ Sam/ Dim : 14h -18h- Du 2 avril au 5 juillet : 7 jours / 7 : 10h - 18h- Du 6 juillet au 31 août : 7 jours / 7 : 10h -19h- Du 1er septembre au 19 octobre : Mer/ Jeu/ Ven/ Sam/ Dim : 14h - 18h- Du 20 octobre au 2 novembre : 7 jours / 7 : 10h - 18h- Les 17 et 18 Décembre : Sam/ Dim : 10h - 18h,"Nouveautés 2016 : Une dizaine de Ratons Laveurs prennent place sur le sentier forestier. Tous les jours en été, les OISEAUX ET RAPACES se mettent en scène lors des présentations et spectacles. Des espèces sont visibles toute lannée en volières : cigognes, aigles, vautours, buses ...Observez les LOUPS dans leur enclos dun hectare : les relations de hiérarchie, léducation des plus jeunes et assistez à leur présentation par un animalier laprès-midi. Redécouvrez les métiers dantan : sabotier,maréchal-ferrant, tonnelier... ainsi que des espèces locales et anciennes des animaux de la basse-cour : poneys, poules, lapins, furets, chèvres... au VILLAGE DES VIEUX MÉTIERS et ANIMAUX DE LA FERME . Profitez des HAMACS A BONDS, ces 1500m² de filets suspendus entre les arbres ! Pour sauter, rouler, courir, ou faire une sieste...Ils sont accessibles aux petits comme aux grands ! A lintérieur : NOCTURNIA vous invite à découvrir les animaux nocturnes :chauve-souris, genettes, rongeurs, batraciens, insectes.. La SALLE DE PROJECTION diffuse à heures fixes un film en 3D de 30 minutes sur les loups. Lespace THÉÂTRE DU VIVANT est dédié aux animations avec un animalier, mêlant vidéos, explications et présentation danimaux.  Adhérent au réseau départemental  Ardennes, Nature et Aventures , accueil et prestations de qualité. ",,,,,,,,,,,,,,,,,http://cnstlltn.com/master/53d40405-4c47-4fa4-91bc-a0f5fa81874e/53d40405-4c47-4fa4-91bc-a0f5fa81874e_134.jpg,http://cnstlltn.com/master/d79644ae-2247-4973-ae22-17f0eb7fd1e8/chouette+vol-retouch_%c2%a9sophie+bettig.jpg,http://cnstlltn.com/master/a68555bb-722b-4025-b12e-f57da55fab61/a68555bb-722b-4025-b12e-f57da55fab61_134.jpg,,,,,,Accès handicapés,Handicap mental,Handicap moteur,,,2016-02-06,2016-11-02,2016-12-17,2016-12-18,,,,,,,Administration,,FRÉZARD,Anne,,afrezard@2c2a.com,+33 (0)3 24 71 07 38,,,,,,,,,,,,,,français,anglais,,,,Carte de crédit,Chèques,Espèces,Eurocard - Mastercard,,,,,,,Aire de jeux,Aire de pique-nique,Ascenseur,Bar,Boutiques,Jeux pour enfants,Parc,Parking,Parking autocar,Restaurant,Salle d'animation,Salle de projection,Salle de réunion,Sentiers balisés,Tables de pique-nique,Toboggan,,,,,Boutique,Informations touristiques,,,,,,,,,,,,,,,,,,,Animation groupe,Atelier pédagogique,Conférences,,,,,,,,,,,,,,Pass entrée illimitée (1an) FAMILLE,86.00,122.00,Pass entrée illimitée (1an),18.00,0.00,Tarif enfant,8.00,9.00,Tarif adulte,11.50,12.50,Pass entrée illimitée (1an),25.00,0.00,,,,,,,,,,,,,,,,,,,,,,,,,,,,,,,,,,,,,,,,,,,,,
LCUCHA0080000225,Peinture - Nathalie MAGNIER-GIOT,Activités sportives / culturelles / séjour itinérants,Arts et Artisanat,,,,,,,,10 rue de l'église,,,8400,SEMIDE,FRANCE,03 24 30 39 93,06 27 25 93 37,,nathalie.magniergiot@gmail.com,,,,49.32734,4.577853,,,,Atelier de Peinture de Nathalie GIOT,,Toute l'année et cours les samedi après-midi,"A la recherche d'harmonie de couleurs, d'émotions, d'émerveillement, elle aime peindre tout ce qui touche à la beauté pour ne pas penser aux tristesses de la réalité et nous faire rêver. Elle essaie toujours de progresser et d'évoluer dans tous les styles. Ateliers de peinture (acrylique, huile, collage ...) pour tous les âges, le samedi après-midi : 10. Tableaux sur commande selon les goûts de chacun.",,,,,,,,,,,,,,,,,http://cnstlltn.com/master/35f47dcb-3bb7-4ee8-9387-8a536e11c27d/peinture+nathalie+giot+-+%c2%a9+nathalie+magnier-giot+(48).jpg,http://cnstlltn.com/master/ea80cf50-47aa-406b-9de0-46f6e670f44b/peinture+nathalie+giot+-+%c2%a9+m.+bourga+(14).jpg,http://cnstlltn.com/master/5a0e21a8-4567-4bd9-bb5c-e4a7b5a9e02c/peinture+nathalie+giot+-+%c2%a9+nathalie+magnier-giot+(79).jpg,,,,,Animaux acceptés,,,,,,,,,,,,,,,,,,,,,,,,,,,,,,,,,,,,français,,,,,Chèques bancaires et postaux,Espèces,,,,,,,,,,,,,,,,,,,,,,,,,,,,,,,,,,,,,,,,,,,,,,,,,Atelier pour adultes,Atelier pour enfants,,,,,,,,,,,,,,,,,,,,,,,,,,,,,,,,,,,,,,,,,,,,,,,,,,,,,,,,,,,,,,,,,,,,,,,,,,
LCUCHA0080000291,Plantes et savoirs en Ardennes,Activités sportives / culturelles / séjour itinérants,Arts et Artisanat,Stage d'initiation,,,,,,,32 rue de la morteau,,,8360,CHATEAU PORCIEN,FRANCE,03 24 72 88 60,,,plantesetsavoirs@gmail.com,,http://plantesetsavoirsenardennes.eklablog.com/,,49.53948,4.20472,,,,Plantes et savoirs en Ardennes,,,"Lassociation Plantes et Savoirs en Ardennes, créée en janvier 2010, soutient la transmission de Savoirs, Compétences et Culture, entre personnes impliquées dans une relation avec la Nature, les Plantes et lEnvironnement, le Bien-être et la Santé, le monde des Arts, et les Savoir-faire. Lassociation compte 59 adhérents en 2014.Ses activités sous forme dateliers pratiques, de sorties et visites, de conférences, de participation à des manifestations, ont lieu principalement dans les Ardennes et rayonnent dans la région Champagne-Ardenne et le département de lAisne limitrophe.Les activités annoncées mensuellement sadressent aux personnes, adhérentes ou non, en recherche de découverte ou de perfectionnement. Le professionnalisme, la compétence et la passion caractérisent les animateurs souhaitant partager leur savoir par le biais de lassociation. Types dactivités proposées en 2015Atelier ou stage:Vannerie, Cannage, Rempaillage, petite Menuiserie, PoterieProduits ménagers Ğ comme autrefois ğ Ornithologie, Géologie, Mycologie, Botanique, initiation à la Flore Plantes sauvages comestiblesPlantes médicinalesDentelle aux fuseaux, Feutrage de laine, Tressage traditionnel de blé, Fabrication traditionnelle de poupées de maïsBrassage de bière, fabrication dhuile de noixDo-In, Brain-Gym, Gestion du stress, Géobiologie CuisineManifestations : stand avec présentation de lassociation et de son programme, animation dun atelier, démonstration, dégustation Visites ateliers dartistes, entreprises, musées, jardinssorties culturelles, sorties nature, randonnéesConférences Géobiologie, Les jardins ouvriersVeillées entre adhérents",,,,,,,,,,,,,,,,,http://cnstlltn.com/master/1d56ecc0-45c6-4679-9d98-d15face1d583/vannerie.jpg,,,,,,,,,,,,,,,,,,,,,,,,,,,,,,,,,,,,,,,,,,,français,,,,,,,,,,,,,,,,,,,,,,,,,,,,,,,,,,,,,,,,,,,,,,,,,,,,,,,,,,,,,,,,,,,,,,,,,,,,,,,,,,,,,,,,,,,,,,,,,,,,,,,,,,,,,,,,,,,,,,,,,,,,,,,,,,
LCUCHA0080000284,Plume en scène : Ateliers Théâtre ,Activités sportives / culturelles / séjour itinérants,Arts du spectacle,Stage d'initiation,,,,,,,17 rue Irénée Carré,Café-Librairie Plume et Bulle,,8000,CHARLEVILLE MEZIERES,FRANCE,06 63 39 77 95,,,nathalienicollet@yahoo.fr,,,,49.77263,4.719153,,,,Plume en scène : Ateliers Théâtre,,au Café-Librairie Plume et Bulle,"Ateliers Théâtre pour adultes, adolescents et enfantsSéance découverte gratuite le samedi 3 octobre (10h-12h)par Nathalie Nicollet, professeur de ThéâtreCours hebdomadaire de 2hImprovisations, travail sur la voix, la gestuelle, le texte, l'imagination",,,,,,,,,,,,,,,,,http://cnstlltn.com/master/418f7e35-860b-4532-8385-b1603cf0ec08/th%c3%a9%c3%a2tre+plumes+et+bulles.jpg,,,,,,,,,,,,,,,,,,,,,,,,,,,,,,,,,,,,,,,,,,,français,,,,,,,,,,,,,,,,,,,,,,,,,,,,,,,,,,,,,,,,,,,,,,,,,,,,,,,,,,,,,,,,,,,,,,,,,,,,,,,,,,,,,,,,,,,,,,,,,,,,,,,,,,,,,,,,,,,,,,,,,,,,,,,,,,
LCUCHA0080000230,Pole Culturel de Sedan,Activités sportives / culturelles / séjour itinérants,Arts du spectacle,,,,,,,,Esplanade Claude Demoulin,,,8200,SEDAN,FRANCE,03 24 27 09 75,,,m.j.c.calonne@wanadoo.fr,,http://www.mjc-calonne.com,,49.70349,4.93863,,,,Pole Culturel de Sedan,,,"Avec son architecture audacieuse, le Pôle Culturel regroupe au sein de ses 1641 m², lensemble des activités culturelles de la ville :Le service municipal E.V.A.C (Espace Vie Associative et Culturelle) Gestion et locations des salles et du matériel fêtes et cérémoniesOrganisation des animations municipales (marché de Noël, Fête de la Musique, fêtes foraines)Programmation culturelle de la Salle MarcilletPoint BilletterieCentre de ressources associatif (demande de subventions, promotion des animations, assistance et conseils pour lorganisation de manifestations)La MJC Calonne Reconnue pour la richesse et la diversité de sa programmation : théâtre, danse, hip-hop, marionnettes..., elle compte plus de 700 adhérents et propose de multiples activités : danse, arts plastiques, musiques, langues...Elle possède une salle de spectacles pouvant accueillir jusqu'à 210 personnes en places assises et 450 debout.La Maison de la Jeunesse et de la Culture Calonne, c'est :Un centre culturel avec une programmation de spectacles vivants pour tous les goûts et tous les âgesUne offre de services et dactivités (poterie, arts plastiques, internet, langues, expression théâtrale, danses, nologie)Un acteur des réseaux danimation en Pays Sedanais. Chaque année, la MJC Calonne aide au déploiement de nombreuses animations culturelles : Rencontres Guitare et Patrimoine, Festival les Enfants du Cinéma, Festival MéliMôme, Saison familiale du Pays Sedanais Ğ Entre Petits et Grands ğUn organisme de formation avec lorganisation de stages pour favoriser le retour vers lemploi.Un pôle Danse et une salle spécifique ouverte aux professionnels et aux associationsUn studio de répétition des musiques actuellesUne salle de spectacle",,,,,,,,,,,,,,,,,http://cnstlltn.com/master/d9dd6785-c865-43b7-82fa-a4707c1c5c32/photo-richard-schoeller-sedan.jpg,,,,,,,,Accès handicapés,,,,,,,,,,,,,,,,,,,,,,,,,,,,,,,,,,,français,,,,,,,,,,,,,,,,,,,,,,,,,,,,,,,,,,,,,,,,,,,,,,,,,,,,,,,,,,,,,,,,,,,,,,,,,,,,,,,,,,,,,,,,,,,,,,,,,,,,,,,,,,,,,,,,,,,,,,,,,,,,,,,,,,
LCUCHA0080000016,RADIO BOUTON 90.6,Activités sportives / culturelles / séjour itinérants,Autres,,,,,,,,,,,8160,BOUTANCOURT,FRANCE,+33 (0)3 24 54 62 63,,,,,,,49.67946,4.770544,,,,RADIO BOUTON 90.6,,radio,,,,,,,,,,,,,,,,,,http://cnstlltn.com/master/b90b045a-be7f-4d65-91a4-760b8fc0d19a/b90b045a-be7f-4d65-91a4-760b8fc0d19a_134.jpg,,,,,,,,,,,,,,,,,,,,,,,,,,,,,,,,,,,,,,,,,,,français,,,,,,,,,,,,,,,,,,,,,,,,,,,,,,,,,,,,,,,,,,,,,,,,,,,,,,,,,,,,,,,,,,,,,,,,,,,,,,,,,,,,,,,,,,,,,,,,,,,,,,,,,,,,,,,,,,,,,,,,,,,,,,,,,,
LCUCHA0080000237,ReCréNature,Activités sportives / culturelles / séjour itinérants,Arts et Artisanat,,,,,,,,15 Place du 21ème RMVE,,,8400,NOIRVAL,FRANCE,03 24 30 96 61 ,,,recrenature@gmail.com,,http://www.objets-bois.wix.com/recrenature,,49.45877,4.797281,,,,ReCréNature - Atelier de création d'objets,"Nouveau, divers ateliers de création  Nature ",Ouverture toute l'année sur RDV,"ReCréNature est un atelier de création d'objets de décoration en matériaux naturels, pour la maison ou pour le jardin ( produit phare : l'hôtel à insectes ). Visite gratuite sur RDV sur devis, divers ateliers de création  Nature , tout public (à partir de 6 ans), sur place ou sur d'autre structure.",,,,,,,,,,,,,,,,,,,,,,,,Animaux acceptés,Accès handicapés,,,,,,,,,,,,,,,,,,,,,,,,,,,,,,,,,,,français,anglais,,,,Chèques bancaires et postaux,Espèces,,,,,,,,,Jardin,Parking privé,Salle d'animation,Tables de pique-nique,,,,,,,,,,,,,,,,,,,,,,,,,,,,,,,,,,,,,Atelier pour adultes,Atelier pour enfants,Visite,,,,,,,,Y,,,,,,,,,,,,,,,,,,,,,,,,,,,,,,,,,,,,,,,,,,,,,,,,,,,,,,,,,,,,,,,,,
LCUCHA0080000221,REgroupement des Naturalises ARDennais,Activités sportives / culturelles / séjour itinérants,Autres,Multiactivités,,,,,,,3 rue Choisy,,,8130,COULOMMES ET MARQUENY,FRANCE,03 24 33 54 23,,,bureau.renard@orange.fr,,http://www.renard-asso.org/,,49.43473,4.580893,,,,REgroupement des Naturalises ARdennais,,Association ReNArd,"Association agréée au titre de la protection de la nature, le ReNArd a pour objectifs la connaissance et la protection de la nature dans les Ardennes, ainsi que la sensibilisation du public. Il réalise de nombreux suivis et études faunistiques dans le département.Découvrez le ReNArd ICI",,,,,,,,,,,,,,,,,http://cnstlltn.com/master/2bf8b047-e085-4333-9313-84e6e7f75d57/renard.jpg,,,,,,,,,,,,,,,,,,,,,,,,,,,,,,,,,,,,,,,,,,,français,,,,,,,,,,,,,,,,,,,,,,,,,,,,,,,,,,,,,,,,,,,,,,,,,,,,,,,Animation groupe,Atelier pédagogique,Conférences,Visite,,,,,,,,,,,,,,,,,,,,,,,,,,,,,,,,,,,,,,,,,,,,,,,,,,,,,,,,,,,,,,,,,,,,,,,,
LCUCHA0080000219,Salle de spectacles l'Atmosphère,Activités sportives / culturelles / séjour itinérants,Arts du spectacle,Spectacle,,,,,,,Place de Lattre de Tassigny,,,8300,RETHEL,FRANCE,03 24 39 51 46,,,contact@villederethel.fr,,http://www.atmosphere-rethel.fr,,49.51503,4.383214,,,,salle de spectacles l'Atmosphère,,,"1200 places debout800 places dans une configuration mixte (assis/debout)736 places assises.Billetterie numérique départementale50 000 programmes par an, diffusés sur tout le départementUne programmation à tarifs accessiblesUn site Internet moderneUn hall d'accueil Handi-accessible",,,,,,,,,,,,,,,,,http://cnstlltn.com/master/775c2bdb-b6c5-453e-8f42-a55fca3b4b00/l%27atmosphere_juil2012_otpr+(10).jpg,,,,,,,,,,,,,,,,,,,,,,,,,,,,,,,,,,,,,,,,,,,français,,,,,,,,,,,,,,,,,,,,,,,,,,,,,,,,,,,,,,,,,,,,,,,,,,,,,,,,,,,,,,,,,,,,,,,,,,,,,,,,,,,,,,,,,,,,,,,,,,,,,,,,,,,,,,,,,,,,,,,,,,,,,,,,,,
LCUCHA0080000229,Salle Marcillet,Activités sportives / culturelles / séjour itinérants,Arts du spectacle,,,,,,,,"7, Rue de Metz",,,8200,SEDAN,FRANCE,03 24 52 26 20,,,,,,,49.69871,4.943969,,,,Salle Marcillet de Sedan,,,"Véritable salle polyvalente rénovée en 2005, la Salle Marcillet accueille les spectacles de la saison culturelle municipale (concert assis / debout, pièce de théâtre) mais aussi des salons, des colloques, des spectacles de danse, des thés dansant, le repas du Maire et les Fêtes dAutomne et de Printemps pour les seniors, des expositionsLa salle Marcillet, située place Crussy, accueille les spectacles de la saison culturelle de la Ville de Sedan.Des artistes de renommée nationale, voire internationale y ont été programmés : Michel Delpech, Bernard Lavilliers, Cali, Johnny Clegg, De Palmas, Hugues Aufray...Pour les associations souhaitant réserver la Salle Marcillet merci dadresser votre demande par courrier à lattention de Monsieur le Maire de Sedan.",,,,,,,,,,,,,,,,,http://cnstlltn.com/master/c9089e32-df80-4f15-82a7-a17b725d19f7/312370_1920x1080.jpg,,,,,,,,Accès handicapés,,,,,,,,,,,,,,,,,,,,,,,,,,,,,,,,,,,français,,,,,,,,,,,,,,,Parking autocar,,,,,,,,,,,,,,,,,,,,,,,,,,,,,,,,,,,,,,,,,,,,,,,,,,,,,,,,,,,,,,,,,,,,,,,,,,,,,,,,,,,,,,,,,,,,,,,,,,,,,,,,,,,,,,,,,,,
LCUCHA0080000218,Théâtre Louis Jouvet,Activités sportives / culturelles / séjour itinérants,Arts du spectacle,Spectacle,,,,,,,16 place de Caen,,,8300,RETHEL,FRANCE,03 24 39 67 75,,,rp.louisjouvet@orange.fr,,http://08.agendaculturel.fr/agenda-culturel/rethel,http://www.theatrelouisjouvet.fr/,49.51503,4.383214,,,,Théâtre Louis Jouvet ,Scène conventionnée des Ardennes,,"Nombreux spectacles, ateliers, ...",,,,,,,,,,,,,,,,,http://cnstlltn.com/master/ecef0fe0-315f-47d0-9d18-08580081f86c/visuel_programme-2.jpg,http://cnstlltn.com/master/370f3141-01a9-45ce-a252-941c5f92bd89/14_otpr_rethel_oct_2010+(330).jpg,,,,,,,,,,,,,,,,,,,,,,,,,,,,,,,,,,,,,,,,,,français,,,,,,,,,,,,,,,,,,,,,,,,,,,,,,,,,,,,,,,,,,,,,,,,,,,,,,,,,,,,,,,,,,,,,,,,,,,,,,,,,,,,,,,,,,,,,,,,,,,,,,,,,,,,,,,,,,,,,,,,,,,,,,,,,,
LCUCHA0080000053,Théâtre municipal,Activités sportives / culturelles / séjour itinérants,Arts du spectacle,Spectacle,,,,,,,Place du Théâtre,, ,8000,CHARLEVILLE MEZIERES,FRANCE,03.24.32.44.50,,03.24.32.44.49,theatre@mairie-charlevillemezieres.fr,,http://www.charleville-mezieres.fr/Culture-patrimoine-et-jumelages/Etablissements-culturels/Le-theatre-municipal,,49.77288,4.718257,,,,THEATRE DE CHARLEVILLE MEZIERES,,,"Le théâtre propose des spectacles de différentes natures : théâtre, concerts... Programme disponible sur place et à l'Office de Tourisme.",,,,,,,,,,,,,,,,,http://cnstlltn.com/master/aaea2c99-00c7-48d8-b822-86efa6d52d3e/aaea2c99-00c7-48d8-b822-86efa6d52d3e_134.jpg,,,,,,,,,,,,,,,,,,,,,,,Autres,,HABLOT,Josette,,theatre@mairie-charlevillemezieres.fr,03.24.32.44.50,03.24.32.44.49,,,,,,,,,,,,,,,,,,,,,,,,,,,,,,,,,,,,,,,,,,,,,,,,,,,,,,,,,,,,,,,,,,,,,,,,,,,,,,,,,,,,,,,,,,,,,,,,,,,,,,,,,,,,,,,,,,,,,,,,,,,,,,,,,,,,,,,,,,,,,,,
LCUCHA0080000177,Vannerie d'Ardenne,Activités sportives / culturelles / séjour itinérants,Arts et Artisanat,,,,,,,,4 rue Clarisse Laurent,,,8240,BOULT AUX BOIS,FRANCE,03 24 30 05 48,,03 24 30 05 48,gilles.durmois@orange.fr,,,,49.41667,4.833831,,,,Vannerie d'Ardenne,,,"Culture de l'osier et fabrication de corbeille en saule, noisetier, châtaignier..Téléphoner avant de préférence. Visite gratuiteGroupe accepté jusqu'à 40 personnesOuvert toute l'année sauf en juillet, de 9h à 12h et de 14h à 18h",,,,,,,,,,,,,,,,,http://cnstlltn.com/master/314297fd-0199-408c-b5e9-b53dcc7bb2de/314297fd-0199-408c-b5e9-b53dcc7bb2de_134.jpg,,,,,,,,,,,,,,,,,,,,,,,Autres,,DURMOIS,Gilles,,gilles.durmois@orange.fr,+33 (0)3 24 30 05 48,+33 (0)3 24 30 05 48,,,,,,,,,,,,,français,,,,,,,,,,,,,,,Parking privé,,,,,,,,,,,,,,,,,,,,Boutique,,,,,,,,,,,,,,,,,,,,,,,,,,,,,,Y,40,,,,,,,,,,,,,,,,,,,,,,,,,,,,,,,,,,,,,,,,,,,,,,,,,,,,,,,,,,,,,,,,
LCUCHA0080000017,Vitrine des Ardennes,Activités sportives / culturelles / séjour itinérants,Autres,,,,,,,,"24, place Ducale",Agence de Développement Touristique des Ardennes, ,8000,CHARLEVILLE MEZIERES,FRANCE,03.24.56.06.08,,,info@ardennes.com,,www.ardennes.com,,49.77389,4.720878,,,,VITRINE DES ARDENNES,,ouverte du lundi au samedi de 10 h à 12h30 et de 13h30 à 18h00 sauf le dimanche de 14h à 18h (horaires hiver),"Centre d'expositions temporaires, la Vitrine des Ardennes présente chaque mois une nouvelle exposition sur le patrimoine historique, littéraire, architectural, économique, touristique des Ardennes. Bureau d'accueil-information. La Vitrine des Ardennes propose également une boutique de produits du terroir Ğ Ardennes de France ğ et de produits dérivés.",,,,,,,,,,,,,,,,,http://cnstlltn.com/master/35a62f28-4ae4-45f7-a4f6-ea269885a0bd/accueil+vitrine.jpg,,,,,,,Animaux acceptés,Accès handicapés,,,,,,,,,,,,,,,Propriétaire,,Vitrine des Ardennes,,,info@ardennes.com,03.24.56.06.08,03.24.33.60.97,,,,,,,,,,,,,,,,,,Carte de crédit,Chèques,Chèques bancaires et postaux,Espèces,Eurocard - Mastercard,Visa,,,,,Ascenseur,Boutiques,,,,,,,,,,,,,,,,,,,Boutique,Informations touristiques,,,,,,,,,,,,,,,,,,,Visite,,,,,,,,,,,,,,,,,,,,,,,,,,,,,,,,,,,,,,,,,,,,,,,,,,,,,,,,,,,,,,,,,,,,,,,,,,,
