ID,TITRE,TYPE,SSTYPE,CATEGORIE,STYLE,EVENEMENT,THEME1,THEME2,THEME3,SUPERFICIE,NB_EMPLACEMENTS_CLASSES,NB_EMPLACEMENTS_TOURISME,NB_EMPLACEMENTS_LOISIR,NUMAGREMENT,RAISONSOCIALE,ADRESSE1,ADRESSE2,ADRESSE3,CODEPOSTAL,COMMUNE,PAYS,TEL1,TEL2,FAX,EMAIL1,EMAIL2,WEB1,WEB2,GPSX,GPSY,SIRET,APE,RCS,DESCRIPTIF_TITRE_FRANCAIS,DESCRIPTIF_SSTITRE_FRANCAIS,DESCRIPTIF_CHAPEAU_FRANCAIS,DESCRIPTIF_ARTICLE_FRANCAIS,DESCRIPTIF_TITRE_ANGLAIS,DESCRIPTIF_SSTITRE_ANGLAIS,DESCRIPTIF_CHAPEAU_ANGLAIS,DESCRIPTIF_ARTICLE_ANGLAIS,DESCRIPTIF_TITRE_ALLEMAND,DESCRIPTIF_SSTITRE_ALLEMAND,DESCRIPTIF_CHAPEAU_ALLEMAND,DESCRIPTIF_ARTICLE_ALLEMAND,DESCRIPTIF_TITRE_ESPAGNOL,DESCRIPTIF_SSTITRE_ESPAGNOL,DESCRIPTIF_CHAPEAU_ESPAGNOL,DESCRIPTIF_ARTICLE_ESPAGNOL,DESCRIPTIF_TITRE_ITALIEN,DESCRIPTIF_SSTITRE_ITALIEN,DESCRIPTIF_CHAPEAU_ITALIEN,DESCRIPTIF_ARTICLE_ITALIEN,PHOTO1,PHOTO2,PHOTO3,CLASSEMENT,LABEL1,LABEL2,LABEL3,ANIMAUX,HANDICAPE,TOURISME_HANDICAP1,TOURISME_HANDICAP2,TOURISME_HANDICAP3,TOURISME_HANDICAP4,DATEDU1,DATEAU1,DATEDU2,DATEAU2,DATEDU3,DATEAU3,DATEDU4,DATEAU4,DATEDU5,DATEAU5,CONTACT1TYPE,CONTACT1CIVI,CONTACT1NOM,CONTACT1PRENOM,CONTACT1FONCTION,CONTACT1EMAIL,CONTACT1TEL,CONTACT1FAX,CONTACT2TYPE,CONTACT2CIVI,CONTACT2NOM,CONTACT2PRENOM,CONTACT2FONCTION,CONTACT2EMAIL,CONTACT2TEL,CONTACT2FAX,CHAINE1,CHAINE2,CHAINE3,CHAINE4,LANGUE1,LANGUE2,LANGUE3,LANGUE4,LANGUE5,MODE_PAIEMENT1,MODE_PAIEMENT2,MODE_PAIEMENT3,MODE_PAIEMENT4,MODE_PAIEMENT5,MODE_PAIEMENT6,MODE_PAIEMENT7,MODE_PAIEMENT8,MODE_PAIEMENT9,MODE_PAIEMENT10,EQUIPEMENT1,EQUIPEMENT2,EQUIPEMENT3,EQUIPEMENT4,EQUIPEMENT5,EQUIPEMENT6,EQUIPEMENT7,EQUIPEMENT8,EQUIPEMENT9,EQUIPEMENT10,EQUIPEMENT11,EQUIPEMENT12,EQUIPEMENT13,EQUIPEMENT14,EQUIPEMENT15,EQUIPEMENT16,EQUIPEMENT17,EQUIPEMENT18,EQUIPEMENT19,EQUIPEMENT20,SERVICE1,SERVICE2,SERVICE3,SERVICE4,SERVICE5,SERVICE6,SERVICE7,SERVICE8,SERVICE9,SERVICE10,SERVICE11,SERVICE12,SERVICE13,SERVICE14,SERVICE15,SERVICE16,SERVICE17,SERVICE18,SERVICE19,SERVICE20,ACTIVITE1,ACTIVITE2,ACTIVITE3,ACTIVITE4,ACTIVITE5,CONFORT1,CONFORT2,CONFORT3,CONFORT4,CONFORT5,GROUPES_ACCEPTES,GROUPE_MAX,GROUPE_MIN,NBRE_SALLE_REUNION,NBRE_PERSONNES_SALLE,SUPERFICIE_SALLE,TARIF1_LIBELLE,TARIF1_MIN,TARIF1_MAX,TARIF2_LIBELLE,TARIF2_MIN,TARIF2_MAX,TARIF3_LIBELLE,TARIF3_MIN,TARIF3_MAX,TARIF4_LIBELLE,TARIF4_MIN,TARIF4_MAX,TARIF5_LIBELLE,TARIF5_MIN,TARIF5_MAX,TARIF6_LIBELLE,TARIF6_MIN,TARIF6_MAX,TARIF7_LIBELLE,TARIF7_MIN,TARIF7_MAX,TARIF8_LIBELLE,TARIF8_MIN,TARIF8_MAX,TARIF9_LIBELLE,TARIF9_MIN,TARIF9_MAX,TARIF10_LIBELLE,TARIF10_MIN,TARIF10_MAX,TARIF11_LIBELLE,TARIF11_MIN,TARIF11_MAX,TARIF12_LIBELLE,TARIF12_MIN,TARIF12_MAX,TARIF13_LIBELLE,TARIF13_MIN,TARIF13_MAX,TARIF14_LIBELLE,TARIF14_MIN,TARIF14_MAX,TARIF15_LIBELLE,TARIF15_MIN,TARIF15_MAX,TARIF16_LIBELLE,TARIF16_MIN,TARIF16_MAX,TARIF17_LIBELLE,TARIF17_MIN,TARIF17_MAX,TARIF18_LIBELLE,TARIF18_MIN,TARIF18_MAX,TARIF19_LIBELLE,TARIF19_MIN,TARIF19_MAX,TARIF20_LIBELLE,TARIF20_MIN,TARIF20_MAX
HPACHA0080000080,Aire de camping-car,Hôtellerie de plein air,Aire de camping car,,,,,,,,,,,,,Parking du Port,,,8500,REVIN,FRANCE,,,,,,,,49.94189,4.637199,,,,Aire de camping-car - Revin-Ardenne-France,,Aire de camping-car situé au parking du Port à 50 mètres des commerces.10 stationnements délimités gratuits en bord de Meuse.,"Ouvert toute l'année.Borne de services :- Vidanges eaux grises et noires - Gratuit- Eau: 2 les 100 litres- Electricité: 2/l'heure / 16 ampèresL'aire de camping-car est signalé par des panneaux (facilité d'accès)Sans manuvre, sans obstacle.Opérations de vidanges et remplissage sans déplacement du véhicule.Eau propre : Robinet à poussoirEnvironnement : Sureté des lieuxPrésence de poubellesEmplacement : Stabilité du terrainIntérêt touristique à proximité.Durée maxi : 7 joursLongueur maxi camping-car : 8 mètres",,,,,,,,,,,,,,,,,http://cnstlltn.com/master/8e5b8d00-b3a2-41ae-bd08-40e0f28aa85b/aire+camping+car+revin.jpg,,,,,,,Animaux acceptés,,,,,,,,,,,,,,,,Autres,,,,,contact@ville-revin.fr,03 24 41 55 65,,,,,,,,,,,,,,français,,,,,Carte bancaire,,,,,,,,,,Aire de service camping car,,,,,,,,,,,,,,,,,,,,Emplacement camping car,,,,,,,,,,,,,,,,,,,,,,,,,,,,,,,,,,,,Eau (les 100 litres),2.00,2.00,Electricité (l'heure)(16 ampères),2.00,2.00,,,,,,,,,,,,,,,,,,,,,,,,,,,,,,,,,,,,,,,,,,,,,,,,,,,,,,
HPACHA0080000078,Aire de camping-car de Charleville-Mézières,Hôtellerie de plein air,Aire de camping car,,,,,,,,,,,,,Rue des Paquis. Par N388,,,8000,CHARLEVILLE MEZIERES,FRANCE,03 24 33 23 60,03 24 55 69 90,, camping-charlevillemezieres@wanadoo.fr,,,,49.77905,4.7199159999999996,,,,Aire de Camping-car de Charleville-Mézières,,8 emplacements gratuits accessibles toute l'année - bornes de service du 1/04 au 15/10 - animaux autorisés - Wifi - capitainerie du port accessible avec toilettes et lave-linge,"Les 8 emplacements qui vous sont proposés gratuitement, situés entre le camping *** et le port de plaisance sont à proximité de la Meuse et à 10mn du centre-ville accessible par une belle passerelle piétonne qui arrive derrière le Musée Rimbaud. Tous les services sont compris dans le forfait (électricité...)- Borne Euro-Relais : 1 - Vidanges eaux usées, vidange WC, eau potable, électricité, parking, barbecue autorisé.Parc aquatique avec espace détente à 200 m - locations de bateaux électriques sur place - canoë-kayak sur place - terrain de pétanque - snack-bar au camping à proximité.",,,,,,,,,,,,,,,,,http://cnstlltn.com/master/cdba00ec-b8da-4d2e-97f2-8f76e0c4962a/port+de+plaisance+vue+de+l%27aire+de+camping-car.jpg,http://cnstlltn.com/master/0eb01825-764c-42c8-a463-c05302c19b0a/aire+camping-car.jpg,http://cnstlltn.com/master/975a857c-b1d2-4151-a15d-ab4b227c0362/passerelle+mont-olympe.jpg,3 étoiles,,,,Animaux acceptés,,,,,,,,,,,,,,,,,,,,,,,,,,,,,,,,,,,,français,,,,,Carte de crédit,Visa,Carte bancaire,Cartes de paiement,,,,,,,Aire de service camping car,Branchements d'eau,Branchements électriques,Evacuation des eaux usées,,,,,,,,,,,,,,,,,Commerce alimentaire,Dépôt des ordures ménagères,,,,,,,,,,,,,,,,,,,,,,,,,,,,,,,,,,,,,,,,,,,,,,,,,,,,,,,,,,,,,,,,,,,,,,,,,,,,,,,,,,,,,,,,,,,,,,
HPACHA0080000079,Aire de Services pour Camping Car,Hôtellerie de plein air,Aire de camping car,,,,,,,,,,,,,Route de La Fosse à l'Eau,,,8430,LAUNOIS SUR VENCE,FRANCE,324350269,,,,,,,49.65789,4.540012,,,,Aire de Service pour Camping Car,100l d'eau ou 2h d'électricité,2 emplacements à proximité.,"Ouvert toute l'année 24/24 et 7/7, Achat de jetons auprés de :L'Office de Tourisme des Crêtes PréardennaisesLe restaurant LE VAL DE VENCE 2 / jetons européens = 100l d'eau ou 2h d'électricité2 emplacements à proximité. Park 4 Night",,,,,,,,,,,,,,,,,,,,,,,,,,,,,,,,,,,,,,,,,,,,,,,,,,,,,,,,,,,,français,,,,,,,,,,,,,,,,,,,,,,,,,,,,,,,,,,,,,,,,,,,,,,,,,,,,,,,,,,,,,,,,,,,,,,,,,,,,,,,,,,,,,,,,,,,,,,,,,,,,,,,,,,,,,,,,,,,,,,,,,,,,,,,,,,
HPACHA0080000007,Aux Sabots de Vent (Camping),Hôtellerie de plein air,Camping à la ferme,,,,,,,,,,,,,1 rue des Lavoirs,,,8130,CHUFFILLY ROCHE,FRANCE,+33 (0)6 82 38 98 44,+33 (0)3 24 71 01 27,,aux.sabots.de.vent@free.fr,,http://www.aux-sabots-de-vent.ffe.com/,,49.45305,4.608331,,,,  Aux sabots de Vent ,19 emplacements sur 4 ha (accueil possible de 300 personnes),Labellisé BIENVENUE A LA FERME,"Joli site situé au sein du très vert petit hameau ROCHE, pays de Rimbaud, entre forêt d'Argonne, vergers du Tourteronnais et plaines de Champagne. Ce camping champêtre propose 6 vastes emplacements de 300 m² (tente, caravane, camping-car) pour accueillir 19 personnes et tout le confort, et les animations d'une École Française dÉquitation. Participation également à la vie de la ferme.Ferme d'élevage équin classée École Française d'équitation : initiation, perfectionnement, randonnées, pension. Productions animales : équidés.  Autres animaux : lapins, volailles, Chèvres naines. Ferme pédagogique :Visite de la ferme - la vie des animaux -  VIVRE ENSEMBLE  entre différentes espèces - atelier sur l'alimentation, rythme de vie et intéraction entre les espéces. Pour plus de renseignements, cliquez ICI Ouvert toute l'année sur réservation",,,,,,,,,,,,,,,,,http://cnstlltn.com/master/a4830fe2-76f0-4253-9080-a440872be012/a4830fe2-76f0-4253-9080-a440872be012_134.jpg,http://cnstlltn.com/master/72f25c3a-7d8a-4ec5-ae0e-583461f15ef9/72f25c3a-7d8a-4ec5-ae0e-583461f15ef9_134.jpg,,,Bienvenue à la ferme,,,Animaux acceptés,Accès handicapés,,,,,,,,,,,,,,,,,,,,,,,,,,,,,,,,,,,français,anglais,,,,Chèques bancaires et postaux,Espèces,Virements,,,,,,,,Aire de service camping car,Branchements électriques,Emplacement camping car,Jeux pour enfants,Parking,Parking autocar,,,,,,,,,,,,,,,,Dépôt des ordures ménagères,Lave linge,Location de matériel de sport,Réservation de prestations annexes,Surveillance de nuit,Terrain fermé la nuit,,,,,,,,,,,,,,Animation,Équitation,,,,,,,,,Y,19,1,,19,19,chien,2.00,2.00,Camping Car (sans électricité),5.00,5.00,Complément prix (avec électricité),9.00,9.00,Complément prix (sans électricité),5.00,5.00,Camping Car (avec électricité),9.00,9.00,Nuitée,5.00,5.00,,,,,,,,,,,,,,,,,,,,,,,,,,,,,,,,,,,,,,,,,,
HPACHA0080000031,Camping à la ferme la Neuville aux Joûtes,Hôtellerie de plein air,Camping à la ferme,,,,,,,,,,,,,Le Pavillon,,,8380,LA NEUVILLE AUX JOUTES,FRANCE,03 24 53 53 87,07 86 18 07 49,,gerard.beaudoux@laposte.net,,http://www.france-voyage.com/campings/camping-neuville-aux-joutes-30611.htm,http://campingdupavillon.com/,49.91927,4.228513,,,,Camping à la Ferme,Venez vous ressourcer,ouvert d'avril à octobre,"Le camping de 25 emplacements permet le calme en bordure de forêt, plusieurs loisirs s'offrent à vous tel que la randonnée, la baignade, la pêche, l'équitation. Un espace enfant et quelques petits animaux de la ferme viendront leurs rendre visite.Notre camping à la ferme se situe dans le Nord de la France,  aux confins des Ardennes et de la Thiérache, près de la frontière belge. Un havre de verdure et d'histoire  à quelques heures à peine des grandes citadines... C'est dans cette aire naturelle de camping à la ferme que vous découvrirez l'espace et la tranquillité dans 25 emplacements qui sont exceptionnellement grands: de 225 à 300 m².  Situé dans une vallée verte, il est éloigné des routes, collé à une sapinière. Sa spécificité : le calme...  Des sentiers touristiques, pour des balades à pied, cheval, en vélo ou voiture, vous feront découvrir les beautés d'une région préservée naturellement. Soyez nos bienvenus!",,,,,,,,,,,,,,,,,http://cnstlltn.com/master/b7e2c7dc-dd04-4ac0-a070-471c662b5fd7/b7e2c7dc-dd04-4ac0-a070-471c662b5fd7_134.jpg,http://cnstlltn.com/master/284f02e7-3f06-4524-915e-a7b776a23a14/camping-neuville-aux-joutes-camping-pavillon-30.jpg,http://cnstlltn.com/master/c65d3314-ae64-46ea-b087-e4780f8dbe03/camping-neuville-aux-joutes-camping-pavillon-29.jpg,,Bienvenue à la ferme,,,Animaux acceptés,,,,,,,,,,,,,,,,Gérance,,Beaudoux,Gérard,,,,,,,,,,,,,,,,,français,,,,,Chèques,Chèques bancaires et postaux,Chèques Vacances,Espèces,,,,,,,Abris pour vélo ou VTT,Boulodrome,Branchements d'eau,Branchements électriques,Jeux pour enfants,Parking,,,,,,,,,,,,,,,Commerce alimentaire,Dépôt de pain,Dépôt des ordures ménagères,Lave linge,Paniers Pique-nique,Terrain fermé la nuit,Emplacement camping car,Location bungalow,Location caravanes,,,,,,,,,,,,Équitation,Pêche,,,,Accès Internet,Sèche linge collectif,Terrain semi-ombragé,Wifi,,Y,15,,,,,véhicule,0.00,2.50,emplacement,0.00,2.50,Chalet 2 personnes,300.00,300.00,garage mort hiver,0.00,80.00,visiteur,0.00,1.00,location de caravane,200.00,200.00,animal,0.00,1.00,enfant,0.00,2.00,forfait saison 2 adultes,0.00,800.00,forfait camping car,0.00,15.00,adulte,0.00,3.00,Electricité,0.00,3.50,,,,,,,,,,,,,,,,,,,,,,,,
HPACHA0080000036,Camping Car à la Ferme  Domaine des prés St Remy ,Hôtellerie de plein air,Aire de camping car,,,,,,,,,,,,,Domaine des prés St Remy,,,8200,GIVONNE,FRANCE,03 24 29 70 21,,,marie-noel.stackler@orange.fr,,,,49.71972,4.987588,,,,Camping Car à la Ferme  Domaine des prés St Remy ,,Ouvert toute l'année.,,Camping Car à la Ferme  Domaine des prés St Remy ,,Open all year.,,,,,,,,,,,,,,http://cnstlltn.com/master/d2a60645-c062-4e6f-92f1-f1e59e678de6/camping_car_a%60_la_ferme+-+copie.jpg,,,,,,,,,,,,,,,,,,,,,,,Propriétaire,,STACKLER,Marie-Noëlle,,marie-noel.stackler@orange.fr,03 24 29 70 21,06 80 89 11 22,Réservation Directe,,STACKLER,Marie-Noëlle,,marie-noel.stackler@orange.fr,03 24 29 70 21,06 80 89 11 22,,,,,français,,,,,,,,,,,,,,,Branchements d'eau,Emplacement camping car,,,,,,,,,,,,,,,,,,,,,,,,,,,,,,,,,,,,,,,Équitation,,,,,Terrain ombragé,,,,,,,,,,,Emplacements,4.00,4.00,,,,,,,,,,,,,,,,,,,,,,,,,,,,,,,,,,,,,,,,,,,,,,,,,,,,,,,,,
HPACHA0080000034,Camping Car à la Ferme  GAEC de Villers ,Hôtellerie de plein air,Aire de camping car,,,,,,,350,,,,,,"1, chemin du château",Hameau de Villers,,8450,MAISONCELLE ET VILLERS,FRANCE,03 24 35 42 11,,,monique.henriet08@orange.fr,,,,49.59741,4.912308,,,,Camping Car à la Ferme  GAEC de Villiers ,Membre du réseau France Passion et labellisé  Bienvenue à la Ferme ,Ouvert toute l'année.,"Monique et Christophe sauront vous accueillir dans leur ferme de Villers, un hameau en pleine campagne où règne une atmosphère paisible et un calme ressourçant. De plus, les propriétaires vous feront découvrir les produits de leur travail en vous proposant une petite restauration concoctée à partir de produits locaux.",Camping Car à la Ferme  GAEC de Villiers ,Part of the France Passion network and labelled  Welcome to the Farm ,Open all year.,"Monique and Christophe will give you a warm welcome to their farm of Villers, a hamlet in the countryside where a peaceful atmosphere and revitalizing calm reign. In addition, the owners will give you a taste of the fruits of their labour in the form of light refreshments concocted from local produce.",,,,,,,,,,,,,http://cnstlltn.com/master/57f2dc6c-c03f-4a3f-b917-201338db583a/camping_car_a%60_la_ferme+-+copie.jpg,,,Non Classé,Bienvenue à la ferme,,,Animaux acceptés,Accès handicapés,,,,,,,,,,,,,,,Propriétaire,,HENRIET,Monique,,monique.henriet08@orange.fr,03 24 35 42 11,,Réservation Directe,,HENRIET,Monique,,monique.henriet08@orange.fr,03 24 35 42 11,,,,,,français,,,,,Chèques,Espèces,,,,,,,,,Branchements d'eau,Branchements électriques,Emplacement camping car,Parking,,,,,,,,,,,,,,,,,Bar,Restaurant,,,,,,,,,,,,,,,,,,,,,,,,Terrain ombragé,,,,,,,,,,,Emplacement Camping Car,0.00,0.00,,,,,,,,,,,,,,,,,,,,,,,,,,,,,,,,,,,,,,,,,,,,,,,,,,,,,,,,,
HPACHA0080000035,Camping Car à la Ferme  Il était 1 foie ,Hôtellerie de plein air,Aire de camping car,,,,,,,,,,,,,Chemin de l'église,,,8390,ARTAISE LE VIVIER,FRANCE,03 24 55 48 79,03 24 35 42 84,,scea.warzee@orange.fr,,http://iletaitunefoie.fr,,49.57788,4.898718,,,,Camping Car à la Ferme  Il était 1 foie ,,Ouvert toute l'année.,,Camping Car à la Ferme  Il était 1 foie ,,Open all year.,,,,,,,,,,,,,,http://cnstlltn.com/master/d52b0940-7f0b-42ee-80f8-74fe9b1d4cce/camping_car_a%60_la_ferme+-+copie.jpg,http://cnstlltn.com/master/4d5e8030-feef-425d-bb03-bd3e90007d0a/4d5e8030-feef-425d-bb03-bd3e90007d0a_134.jpg,http://cnstlltn.com/master/74995b48-6aec-45ac-9a9d-cdcd5b86f07b/74995b48-6aec-45ac-9a9d-cdcd5b86f07b_134.jpg,,Bienvenue à la ferme,,,,,,,,,,,,,,,,,,,Propriétaire,,WARZEE,Fabien,,scea.warzee@orange.fr,03 24 35 42 84,,Réservation Directe,,WARZEE,Fabien,,scea.warzee@orange.fr,03 24 35 42 84,,,,,,français,,,,,,,,,,,,,,,Branchements d'eau,Emplacement camping car,,,,,,,,,,,,,,,,,,,,,,,,,,,,,,,,,,,,,,,,,,,,Terrain ombragé,,,,,,,,,,,Emplacements,4.00,4.00,,,,,,,,,,,,,,,,,,,,,,,,,,,,,,,,,,,,,,,,,,,,,,,,,,,,,,,,,
HPACHA0080000038,Camping Car à la Ferme  Patrick Fourile ,Hôtellerie de plein air,Aire de camping car,,,,,,,,,,,,,"27, Rue Habert Desrousseaux",,,8200,WADELINCOURT,FRANCE,03 24 29 64 43,,,fourile.patrick@neuf.fr,,,,49.68304,4.937946,,,,Camping Car à la Ferme  Patrick Fourile ,,Ouvert toute l'année.,,Camping Car à la Ferme  Patrick Fourile ,,Open all year.,,,,,,,,,,,,,,http://cnstlltn.com/master/ac5213e2-5bbc-4e13-9e2b-9ad08bc0d2e7/camping_car_a%60_la_ferme+-+copie.jpg,,,,,,,,,,,,,,,,,,,,,,,Propriétaire,,FOURILE,Patrick,,fourile.patrick@neuf.fr,03 24 29 64 43,,Réservation Directe,,FOURILE,Patrick,,fourile.patrick@neuf.fr,03 24 29 64 43,,,,,,français,,,,,,,,,,,,,,,Branchements d'eau,Emplacement camping car,,,,,,,,,,,,,,,,,,,,,,,,,,,,,,,,,,,,,,,,,,,,Terrain ombragé,,,,,,,,,,,Emplacements,4.00,0.00,,,,,,,,,,,,,,,,,,,,,,,,,,,,,,,,,,,,,,,,,,,,,,,,,,,,,,,,,
HPACHA0080000033,Camping Car à la Ferme  Relais équestre des Récolets ,Hôtellerie de plein air,Aire de camping car,,,,,,,,,,,,,Grande Rue,,,8110,PURE,FRANCE,03 24 29 67 45,,,beatrice.lefevre0959@orange.fr,,http://www.relais-equestre-des-recolets.com/,,49.67274,5.174128,,,,Camping Car à la Ferme  Relais équestre des Récolets ,Labellisé  Bienvenue à la Ferme ,Ouvert toute l'année.,"Le Relais Equestre des Récolets vous accueille toute l'année sur l'un de ses deux emplacements aménagés pour les camping-cars.Pourquoi ne pas vous laisser tenter par une balade à cheval, accompagnée par Béatrice, à travers la nature ardennaise ? Vos animaux seront les bienvenus s'ils sont attachés en laisse.",Camping Car à la Ferme  Relais équestre des Récolets ,Labelled  Welcome to the Farm ,Open all year.,"Relais Equestre des Récolets welcomes you all year round at either of its two locations equipped for campers.Why not treat yourself to a horseback ride, accompanied by Beatrice, through the Ardennes countryside?Pets are welcome provided they are kept on a leash.",,,,,,,,,,,,,http://cnstlltn.com/master/3d1c5b2d-cc0f-46fc-b0ea-9f42d834c16c/camping_car_a%60_la_ferme+-+copie.jpg,,,Non Classé,Bienvenue à la ferme,,,Animaux acceptés,Accès handicapés,,,,,,,,,,,,,,,Propriétaire,,LEFEVRE,Béatrice,,beatrice.lefevre0959@orange.fr,03 24 29 67 45,,Réservation Directe,,LEFEVRE,Béatrice,,beatrice.lefevre0959@orange.fr,03 24 29 67 45,,,,,,français,anglais,,,,Chèques,Chèques Vacances,Espèces,,,,,,,,Branchements d'eau,Emplacement camping car,,,,,,,,,,,,,,,,,,,,,,,,,,,,,,,,,,,,,,,Équitation,,,,,Terrain ombragé,,,,,,,,,,,Camping Car,4.00,4.00,,,,,,,,,,,,,,,,,,,,,,,,,,,,,,,,,,,,,,,,,,,,,,,,,,,,,,,,,
HPACHA0080000024,CAMPING COMMUNAUTAIRE LE PORT DISEUR,Hôtellerie de plein air,Terrain de camping classé,,,,,,,,70,,,,,Rue André COMPAIN,, ,8800,MONTHERME,FRANCE,03.24.36.08.61,03.24.53.01.21,,ccmeuse.semoy@wanadoo.fr,camping-port-diseur@orange.fr,http://www.meuse-semoy-tourisme.com,,49.88099,4.741283,,,,CAMPING LE PORT DISEUR,,,"Camping Communautaire du Port-Diseur situé à Monthermé, dans la Perle des Ardennes.Possibilité de louer un mobil-home.",,,,,,,,,,,,,,,,,http://cnstlltn.com/master/2ab94c00-bef8-464f-bfad-abe647cabfd1/port+diseur.jpg,http://cnstlltn.com/master/c7309358-a613-4062-809f-dadb69b401c8/mobil-home+port+diseur.jpg,,,,,,,,,,,,,,,,,,,,,,,,,,,,,,,,,,,,,,,,,,,,,,,,,,,,,,,,,,,,,,,,,,,,,,,,,,,,,,,,,,,,,,,,,,,,,,,,,,,,,,,,,,,,,,,,,Garage mort - par an ,850.00,850.00,Tarif enfant,1.60,1.60,Location mobil-home 4 à 6 personnes (3 jours / 2nuitées),90.00,120.00,Garage mort - 1 jour,3.00,3.00,Branchement électrique 10A,5.50,5.50,Taxe de séjour,0.20,0.00,Location mobil-home 4 à 6 personnes,280.00,380.00,Branchement électrique (tente),3.50,3.50,Sèche-linge,3.50,3.50,Tarif adulte,3.20,3.20,Emplacement,3.20,3.20,Lave-linge,3.50,3.50,,,,,,,,,,,,,,,,,,,,,,,,
HPACHA0080000012,Camping d'Autry,Hôtellerie de plein air,Terrain de camping classé,,,,,,,,0,0,0,,,Rue des ponts,, ,8250,AUTRY,FRANCE,03.24.71.10.57,,03.24.71.13.72,,,,,49.26545,4.838641,,,,Camping d'Autry,,,"Terrain herbeux, ombragé, situé en bordure de l'Aisne. Idéal pour les personnes recherchant le calme, la verdure et le contact direct avec la nature.Camping 30 emplacementsOuvert de début avril à début novembre",,,,,,,,,,,,,,,,,http://cnstlltn.com/master/91c6c9f5-2660-4b3e-b94a-3bb3ba7610b0/91c6c9f5-2660-4b3e-b94a-3bb3ba7610b0_134.jpg,,,,,,,Animaux acceptés,,,,,,,,,,,,,,,,Autres,,CAMPING D'AUTRY,,,,+33 (0)3 24 71 10 57,03.24.71.34.54,,,,,,,,,,,,,français,,,,,Chèques,Espèces,,,,,,,,,Branchements électriques,Jeux pour enfants,Parking,,,,,,,,,,,,,,,,,,,,,,,,,,,,,,,,,,,,,,,,,,,Terrain semi-ombragé,Vue sur rivière ou étang,,,,,,,0,0,0,Garage mort,0.50,1.00,Jeton de douche,0.00,0.80,Enfants - 7 ans,0.00,0.50,Caravane,0.00,1.20,Camping-car,0.00,2.50,Adulte,0.00,1.00,Electricité,1.00,3.00,Voiture,0.00,0.80,,,,,,,,,,,,,,,,,,,,,,,,,,,,,,,,,,,,
HPACHA0080000003,Camping de la  CROIX VILLIÉRE  - COUTEL Annick,Hôtellerie de plein air,Camping à la ferme,,,,,,,,25,,,,GAEC LA CROIX VILLIERE,La Croix Villière,, ,8130,NEUVILLE DAY,FRANCE,03 24 71 44 19,,,tourisme.coutel@gmail.com,,www.coutel.com,,49.49623,4.687386,,,,Camping de la Croix Vilière,25 emplacements sur 2 ha,Camping à la ferme,"Reposez vous dans ce charmant camping à l'environnement calme et champêtre.Respirer un grand bol d'air où il fait bon vivre ici, dans cet écrin de verdure.Visitez la ferme des propriétaires, détendez vous à l'ombre des arbres, laissez vous tenter par la pêche, les promenades en forêt.... Le camping, d'une capacité de 25 emplacements , est situé sur un terrain plat de 3 niveaux, mi-ombragé, d'une superficie de 2 hectares.Animaux acceptés Ouvert du 01 FÉVRIER au 30 NOVEMBRE 2016 pour plus d'infos, cliquez ICI",,,,,,,,,,,,,,,,,http://cnstlltn.com/master/72b98ba6-c3f8-46c7-bd45-ae55ce20dd7d/camping+neuville+day.jpg,,,,,,,Animaux acceptés,Accès handicapés,,,,,,,,,,,,,,,Renseignement/Information,,COUTEL,Annick,,tourisme@coutel.com,03.24.71.44.19,03.24.71.68.15,,,,,,,,,,,,,français,anglais,,,,,,,,,,,,,,Parking,,,,,,,,,,,,,,,,,,,,Location caravanes,Location de mobil home,Location tentes,,,,,,,,,,,,,,,,,,Pêche,,,,,Terrain ombragé,Terrain semi-ombragé,Wifi,,,,,,,,,"Tarif mobil home ""Nord"" et ""Sud"" - charges comprises",300.00,300.00,Tarif - de 12 ans,3.00,3.00,"Tarif mobil home ""Guy"" - charges comprises",190.00,190.00,Tente,2.00,2.00,Tarif caravane - charges comprises,80.00,80.00,Tarif - charges comprises,5.50,5.50,Animaux,0.50,0.50,Caravane,3.00,3.00,,,,,,,,,,,,,,,,,,,,,,,,,,,,,,,,,,,,
HPACHA0080000009,Camping de la Murée,Hôtellerie de plein air,Terrain de camping classé,,,,,,,,23,0,0,,,"35, rue Catherine de Clèves",, ,8230,BOURG FIDELE,FRANCE,03.24.54.24.45,,,campingdelamuree@wanadoo.fr,,www.campingdelamuree.com,,49.89446,4.537723,,,,CAMPING LA MUREE,Ouvert toute l'année,location de mobile home ou caravane à la semaine et au week end,"Camping 4 étoiles 23 emplacements semi ombragés, le calme est un des atouts majeur du camping appréciés des touristes de passages. 4 étangs de pêche privés pour le camping permettent la promenade et le loisirs. Mr et Mme Mantellato vous accueillent pour vos séjours en caravane, tente ou location de mobile home. Le restaurant est ouvert en saison pour les campeurs. Les chiens sont accéptés tenus en laisse.",,,,,,,,,,,,,,,,,http://cnstlltn.com/master/e8ea6446-77c8-49a9-816d-9f5e60dc7ba2/e8ea6446-77c8-49a9-816d-9f5e60dc7ba2_134.jpg,http://cnstlltn.com/master/808f4eaa-373c-492e-9a91-e07ba27f7f33/808f4eaa-373c-492e-9a91-e07ba27f7f33_134.jpg,http://cnstlltn.com/master/26ad2635-ba5c-401c-b46e-59b790498be8/26ad2635-ba5c-401c-b46e-59b790498be8_134.png,4 étoiles,Les Ardennes à moto,,,Animaux acceptés,,,,,,,,,,,,,,,,Direction,,MANTELLATO,Erick,,,03.24.54.24.45,,Renseignement/Information,,CAMPING DE LA MUREE,,,,03.24.54.24.45,,,,,,,,,,,Chèques,Chèques bancaires et postaux,Espèces,,,,,,,,Boulodrome,Branchements d'eau,Branchements électriques,Emplacement camping car,,Parking,,,,,,,,,,,,,,,Bar,Dépôt de glace,Dépôt de pain,Dépôt des ordures ménagères,Lave linge,Location de mobil home,Paniers Pique-nique,Plats cuisinés,Restaurant,Surveillance de nuit,,,,,,,,,,,Pêche,,,,,Sèche linge collectif,Terrain semi-ombragé,Vue sur rivière ou étang,Wifi,,Y,25,,0,0,0,véhicule,2.00,2.00,camping car 2 personnes,15.50,19.50,moto,1.00,1.00,animaux domestique,1.50,1.50,électricité,0.00,4.00,emplacement,5.70,5.70,enfant,2.00,2.00,location mobile home 2 personnes,260.00,385.00,nuitée en caravane,25.00,25.00,adulte,4.00,4.00,location 2 nuitées mobile home 2 personnes,32.00,38.00,,,,,,,,,,,,,,,,,,,,,,,,,,,
HPACHA0080000004,Camping de l'Abbaye - LA MAIRIE,Hôtellerie de plein air,Terrain de camping classé,,,,,,,,60,,,,,Rue de l'Abbaye,, ,8460,SIGNY L'ABBAYE,FRANCE,03 24 52 87 73,03 24 52 81 25,,mairie-signy-l.abbaye@wanadoo.fr,,http://www.signy-abbaye.fr,,49.69867,4.419907,,,,Camping municipal de l'Abbaye ,"60 emplacements sur 2 ha à partir de 3,70 / adultes","Le camping de l'Abbaye est un camping familial s'étendant sur 2 hectares de verdure, semi ombragé, en bordure de rivière.","Proche du centre ville (300 m) Capacité de 60 emplacements Possibilités de circuits VTT, équestres et pédestres. OUVERT du 01/05 au 30/09/2016",,,,,,,,,,,,,,,,,http://cnstlltn.com/master/2c54e696-c208-419d-bce9-c3e7b9acb20c/2c54e696-c208-419d-bce9-c3e7b9acb20c_134.jpg,,,2 étoiles,,,,Animaux acceptés,Accès handicapés,,,,,,,,,,,,,,,Autres,,DEVILLARD,Alain,,mairie-signy-l.abbaye@wanadoo.fr,03 24 52 81 25 ,03 24 52 87 44,,,,,,,,,,,,,français,,,,,Chèques bancaires et postaux,Espèces,,,,,,,,,Branchements électriques,,Parking,,,,,,,,,,,,,,,,,,,,,,,,,,,,,,,,,,,,,,,,,,,Terrain ombragé,Terrain semi-ombragé,Vue sur rivière ou étang,,,Y,60,1,,,,Electricité,3.20,3.20,Forfait journalier,7.20,7.20,"Adulte (emplacement 1,70 + 2 / campeurs)",3.70,3.70,Chien,1.00,1.00,Enfant (-7 ans),1.50,1.50,,,,,,,,,,,,,,,,,,,,,,,,,,,,,,,,,,,,,,,,,,,,,
HPACHA0080000006,Camping de Tournavaux,Hôtellerie de plein air,Terrain de camping classé,,,,,,,,70,,,,,,, ,8800,TOURNAVAUX,FRANCE,03.24.32.82.59,,03.24.32.82.59,campingdetournavaux@orange.fr,,http://www.campingdetournavaux.fr/,,49.8726,4.785582,,,,Camping de Tournavaux ,,,"Situé sur les rives de la Semoy, en bordure de forêt, et au pied de la Ğ Roche aux Corpias ğ. Très apprécié des amateurs de nature et de la vie en famille.",,,,,,,,,,,,,,,,,http://cnstlltn.com/master/b046af70-bf29-4faa-afa2-52dbe48dabdf/1287000126_2.jpg,http://cnstlltn.com/master/a19c8785-daa4-4b2a-a9dd-94b38b0d4b8e/1287000126_1.jpg,,1 étoile,,,,,,,,,,,,,,,,,,,,Autres,,CAMPING DE TOURNAVAUX,,,,03.24.32.82.59,03.24.32.82.59,Renseignement/Information,,CAMPING DE TOURNAVAUX,,,,03.24.32.82.59,03.24.32.82.59,,,,,,,,,,,,,,,,,,,,,,,,,,,,,,,,,,,,,,,,,,,,,,,,,,,,,,,,,,,,,,,,,,,,,,,,,,,,Tarif voiture,1.30,0.00,Tarif enfant,1.80,0.00,Tarif mobil-home,280.00,355.00,Tarif adulte,3.60,0.00,Tarif emplacement,2.80,0.00,,,,,,,,,,,,,,,,,,,,,,,,,,,,,,,,,,,,,,,,,,,,,
HPACHA0080000013,CAMPING D'HAULME,Hôtellerie de plein air,Terrain de camping classé,,,,,,,,400,,,,,,Base de Loisirs, ,8800,HAULME,FRANCE,324374644,967217968,,accueil@campingdehaulme.fr,,,,49.86085,4.785734,,,,CAMPING D'HAULME,,,"Camping au bord de l'eau proposant de nombreuses activités sportives : VTT, canoë, tennis, parcours en forêt.",,,,,,,,,,,,,,,,,,,,3 étoiles,,,,Animaux acceptés,Accès handicapés,,,,,,,,,,,,,,,,,,,,,,,,,,,,,,,,,,,,,,,,Bons CAF,Carte de crédit,Chèques Vacances,Eurocard - Mastercard,Visa,,,,,,Boulodrome,Branchements électriques,,,,,,,,,,,,,,,,,,,Location de mobil home,Location de vélos,,,,,,,,,,,,,,,,,,,Pêche,,,,,Vue sur rivière ou étang,Wifi,,,,,,,,,,nouveau,225.00,360.00,nouveau,2.00,2.00,nouveau,260.00,405.00,nouveau,5.00,5.00,nouveau,4.00,4.00,nouveau,15.00,15.00,nouveau,0.30,0.30,nouveau,2.00,2.00,nouveau,4.00,4.00,,,,,,,,,,,,,,,,,,,,,,,,,,,,,,,,,
HPACHA0080000011,Camping du Lac de Douzy,Hôtellerie de plein air,Camp de tourisme saisonnier,,,,,,,,125,,,,"Restaurant ""L'Auberge du Lac""",Route de Mouzon,Base de loisirs,,8140,DOUZY,FRANCE,03 24 26 31 19,,,,,http://www.camping-douzy.com,,49.66895,5.043641,,,,Camping du Lac de Douzy,,Ouvert du 1er Mai au 30 Septembre,"Le camping dispose de 125 emplacements tout confort, 5 habitations légères de loisir tout équipées, de sanitaires accessibles aux personnes handicapées. Il vous permettra de passer un agréable séjour au bord du lac. Un accueil chaleureux vous y attend.",Camping du Lac de Douzy,,Open from 1 May to 30 September,"The campsite has 125 modern pitches and 5 small, fully equipped holiday chalets, toilet facilities, accessible to disabled persons. The campsite offers you a pleasant stay by the lake. A warm welcome awaits you.",,,,,,,,,,,,,http://cnstlltn.com/master/5392e8b8-6e91-4b91-a66d-fca61b1eb9df/camping-lac_de_douzy-douzy-%c2%a9cc3c-001.jpg,http://cnstlltn.com/master/d00e4f6b-197a-4018-9bd9-0af55a10f087/camping-lac_de_douzy-douzy-%c2%a9cc3c-007.jpg,http://cnstlltn.com/master/6c5361c6-689e-4437-bf36-dbb9c5546e22/camping-lac_de_douzy-douzy-%c2%a9cc3c-006.jpg,3 étoiles,,,,,Accès handicapés,,,,,,,,,,,,,,,Propriétaire,,ETIENNE,Christophe,,,,,Réservation Directe,,ETIENNE,Christophe,,,,,,,,,,,,,,,,,,,,,,,,,,,,,,,,,,,,,,,,,,,,Bar,Location bungalow,,,,,,,,,,,,,,,,,,,,,,,,Terrain ombragé,Terrain semi-ombragé,Vue sur rivière ou étang,,,,,,,,,Emplacement Tente,3.00,3.00,Emplacement Camping Car,6.00,9.50,Week-end en chalet,120.00,120.00,Semaine en chalet,250.00,350.00,,,,,,,,,,,,,,,,,,,,,,,,,,,,,,,,,,,,,,,,,,,,,,,,
HPACHA0080000025,Camping du Lac des Vieilles Forges,Hôtellerie de plein air,Terrain de camping classé,,,,,,,,0,0,0,,,,, ,8500,LES MAZURES,FRANCE,821200126,03 24 40 17 31,03 24 40 80 35,info@homair.com,,http://www.homair.com/camping/lac-des-vieilles-forges?ebp=DEQwyRwgEDJm_8YpRfhEJ9q_3gwZ5l9SbuQ4SyXj,,49.88832,4.626646,,,,Camping du Lac des Vieilles Forges,,,"Blotti au coeur de la forêt, au bord d'un lac de 150 hec, la Base de Loisirs des Vieilles Forges offre dans un environnement préservé le repos, la détente, et permet la pratique d'activitées sportives diversifiées, VTT, randonnée, tennis, sports nautiques non-motorisés et évidemment la baignade.Parc acrobatique en forêt à 300 mètres.Distant d'une quinzaine de kilomètres de Charleville-Mézières, la lac des Vieilles Forges est à 5 kilomètres de Renwez où se trouvent tous les commerces.",,,,,,,,,,,,,,,,,http://cnstlltn.com/master/8bf3ba19-d253-451e-9e81-08a7ae511360/8bf3ba19-d253-451e-9e81-08a7ae511360_134.jpg,,,3 étoiles,,,,Animaux acceptés,Accès handicapés,,,,,2011-04-01,2011-11-05,,,,,,,,,Gestionnaire,,DENYS,Eric,,,03.24.40.17.31,03 24 40 80 35,,,,,,,,,,,,,,,,,,,,,,,,,,,,Aire de service camping car,Boulodrome,Branchements d'eau,Branchements électriques,Jeux pour enfants,Tennis,,,,,,,,,,,,,,,Location caravanes,,,,,,,,,,,,,,,,,,,,Équitation,Golf,Pêche,Plage surveillée,Plan d'eau aménagé,Terrain ombragé,Terrain semi-ombragé,,,,,,,0,0,0,,,,,,,,,,,,,,,,,,,,,,,,,,,,,,,,,,,,,,,,,,,,,,,,,,,,,,,,,,,,
HPACHA0080000022,Camping du Mont-Olympe,Hôtellerie de plein air,Terrain de camping classé,,,,,,,,120,0,0,,,Rue des Paquis,, ,8000,CHARLEVILLE MEZIERES,FRANCE,03.24.33.23.60,,03.24.33.37.76,camping-charlevillemezieres@wanadoo.fr,,http://www.charleville-mezieres.fr/Decouverte-de-la-ville/Tourisme/Le-camping,,49.77827,4.720684,,,,Camping du Mont-Olympe - 3 étoiles,le plus urbain et le plus vert des campings,ouvert du 1er avril au 15 octobre - à 150 m du parc aquatique Jean Delautre - à 50m d'un boulodrome - petite restauration à l'entrée du camping - location de vélos,"Un site privilégié pour ce camping trois étoiles qui jouit de tous les avantages de la nature au coeur de la ville. Dans un véritable écrin de verdure, à quelques centaines de mètres du centre historique et du Musée Rimbaud, il propose 120 emplacements ombragés et accueille les camping-cars, sur 2.7 hec.Il est intégré dans un grand complexe ludique aménagé en bord de Meuse, composé d'un port de plaisance pouvant accueillir 88 bateaux (y compris ceux de plus de  12m) avec sa capitainerie (sanitaires et douches), d'une base nautique avec stages et activité de canoë-kayak en été, d'une plaine de jeux, aires de pique-nique, terrains de basket, aire de skate-board... et d'un centre aquatique moderne avec espace détente (jacuzzis, sauna, hamam et toboggans).L'accueil des plaisanciers se fait au camping.",,,,,,,,,,,,,,,,,http://cnstlltn.com/master/96de635a-37df-436a-82b7-41041fda9637/dtr_9770.jpg,http://cnstlltn.com/master/f6d2b2c7-2862-4439-8e1e-e5ae518ac90b/dtr_9728.jpg,http://cnstlltn.com/master/0b470b26-5a53-497a-9d40-385dff1a810e/dtr_9719.jpg,3 étoiles,,,,Animaux acceptés,Accès handicapés,,,,,2016-01-27,2016-10-01,,,,,,,,,Renseignement/Information,,CAMPING DU MONT OLYMPE,,,camping-charlevillemezieres@wanadoo.fr,03.24.33.23.60,03.24.33.37.76,Direction,,HERBET,Guillaume,,guillaume.herbet@mairie-charlevillemezieres.fr,03.24.32.40.72,03.24.32.40.79,,,,,anglais,néerlandais,,,,Carte de crédit,Chèques,Espèces,Eurocard - Mastercard,Visa,,,,,,Abris pour vélo ou VTT,Aire de service camping car,Boulodrome,Branchements d'eau,Branchements électriques,Espace aquatique,Evacuation des eaux usées,Hammam,Jacuzzi,Jeux pour enfants,Parking,Parking autocar,Piscine,Piscine couverte,Salle de jeux,Salle de réunion,Sauna,Solarium,Toboggan aquatique,,Bar,Commerce alimentaire,Lave linge,Restaurant,Surveillance de nuit,Terrain fermé la nuit,Emplacement camping car,,,,,,,,,,,,,,,,,,,Accès Internet,Sèche linge privatif,Terrain ombragé,Vue sur rivière ou étang,Wifi,Y,,,0,0,0,campeur enfant 2 à 12 ans,0.00,0.00,électricité 10 ampères,4.20,0.00,Animaux,1.60,0.00,Taxe de séjour,0.38,0.00,campeur adulte (max: haute saison et festival des marionnettes),3.80,4.50,camping-car séjour,12.40,0.00,Emplacement simple,4.30,0.00,branchement électricité extérieure,5.40,5.40,"campeur étudiants, chômeurs",1.80,1.80,Caravane sans électricité,5.70,6.90,Caravane avec électricité,9.90,11.00,lave-linge jeton,2.00,0.00,,,,,,,,,,,,,,,,,,,,,,,,
HPACHA0080000008,Camping La Samaritaine,Hôtellerie de plein air,Terrain de camping classé,,,,,,,,98,,,,,3 allée des étangs,, ,8240,BUZANCY,FRANCE,03 24 30 08 88,,,contact@camping-lasamaritaine.fr,,http://www.camping-lasamaritaine.fr/,,49.42649,4.939384,,,,Camping La Samaritaine,,"Le camping La Samaritaine, 3 étoiles, est un havre de paix, en bordure de la forêt dArgonne, pour les amoureux de la nature et des randonnées. Il se situe, à mi-chemin entre Reims (Champagne) et le Luxembourg ; la Belgique est à 40 km.","Terrain de camping verdoyant tout aménagé, proche du plan d'eau de La Samaritaine - WiFi gratuit - Friterie sur place98 emplacements, 9 chalets en bois avec terrasses couvertes et 6 mobile-homes se louent au week-end ou à la semaine en famille ou en groupe.Ouvert d'avril à mi-septembre",,,,,,,,,,,,,,,,,http://cnstlltn.com/master/b9dd742f-f102-49b3-baa3-31596b00cb5f/accueil_la+samaritaine_%c2%a9petrie+mauget_web.jpg,http://cnstlltn.com/master/e376f1c6-a894-4943-827c-07a886daa0ca/plan+d%27eau_la+samaritaine_%c2%a9petrie+mauget_web.jpg,http://cnstlltn.com/master/540516fa-4e1e-4575-ad3b-86f9546418c2/ch%c3%a2let_la+samaritaine_%c2%a9petrie+mauget_web.jpg,3 étoiles,Camping Qualité,,,Animaux acceptés,Accès handicapés,,,,,2016-04-15,2016-09-16,,,,,,,,,Gérance,,MAUGET,Tony,,contact@camping-lasamaritaine.fr,03 24 30 08 88,,,,,,,,,,,,,,français,anglais,néerlandais,,,Bons CAF,Chèques bancaires et postaux,Chèques Vacances,Espèces,Eurocard - Mastercard,Visa,Carte bancaire,Virements,,,Aire de service camping car,Boulodrome,Branchements d'eau,Branchements électriques,Evacuation des eaux usées,Jeux pour enfants,Parking,Parking autocar,Salle de jeux,Salle de réunion,Salon de télévision,,,,,,,,,,Bar,Commerce alimentaire,Dépôt de glace,Dépôt de pain,Dépôt des ordures ménagères,Lave linge,Location de vélos,Réservation de prestations annexes,Location bungalow,Location de chalets,Location de mobil home,,,,,,,,,,Animation,Pêche,Plage surveillée,Plan d'eau aménagé,,Accès Internet,Terrain ombragé,Terrain semi-ombragé,Vue sur rivière ou étang,Wifi,Y,180,50,1,80,,Véhicule,1.50,2.50,Animaux de compagnie,1.50,2.00,Taxe ordure ménagère,0.00,0.47,Campeur enfant (-12ans),1.50,2.10,Mobil-home/châlet : 4 personnes,320.00,510.00,Emplacement,5.00,6.50,Caution ménage,0.00,50.00,Equipement supplémentaire (2ème véhicule ou tente),1.50,2.50,Châlet : 6 personnes,395.00,595.00,Mobil-home/châlet : 4-6 personnes,335.00,530.00,Eau,0.00,2.00,Camping-car (emplacement spécifique + 2 adultes),10.00,12.00,Taxe de séjour,0.00,0.45,Campeur adulte,3.00,3.50,Electricité 10A,0.00,3.60,Mobil-home/châlet : 6-8 personnes,385.00,590.00,,,,,,,,,,,,
HPACHA0080000029,Camping le Faucon,Hôtellerie de plein air,Terrain de camping classé,,,,,,,,25,,,,,Rue du Faucon,Nohan sur Semoy, ,8800,THILAY,FRANCE,03.24.33.81.18,,03.24.33.81.16,vptfol08@wanadoo.fr,,www.fol08.org,,49.88187,4.823305,,,,CAMPING LE FAUCON,,,"Un camping naturel au bord d'une rivière paisible et pittoresque. Adresse conseillée aux randonneurs à pied, à VTT et en canoë. Accueil traditionnel dans ce camping tranquille pour passer d'agréables vacances en groupe ou en famille. Activités sportives nombreuses et restauration sur place.",,,,,,,,,,,,,,,,,,,,,,,,,,,,,,,,,,,,,,,,Direction,,KADA,Safi,,vptfol08@wanadoo.fr,03.24.33.81.18,03.24.33.81.16,Renseignement/Information,,CAMPING LE FAUCON,,,vptfol08@wanadoo.fr,03.24.33.81.18,03.24.33.81.16,,,,,,,,,,,,,,,,,,,,,,,,,,,,,,,,,,,,,,,,,,,,,,,,,,,,,,,,,,,,,,,,,,,,,,,,,,,,,,,,,,,,,,,,,,,,,,,,,,,,,,,,,,,,,,,,,,,,,,,,,,,,,,,,,,,,,,,
HPACHA0080000015,Camping Le Paquis,Hôtellerie de plein air,Terrain de camping classé,,,,,,,120,0,0,,,,"27, route de Neufmanil",, ,8700,LA GRANDVILLE,FRANCE,03.24.37.60.37,06.32.56.79.29,,sylvere.lachette@tiscali.fr,,http://campinglepaquis.free.fr,,49.79137,4.791179,,,,Camping Le Paquis ,,,"A 7 kilomètres de Charleville et de la Belgique, site semi-ombragé avec étang de pèche, bar friterie, restauration rapide, salle de réunion sur le terrain.Ambiance familiale et cordiale dans un cadre calme et verdoyant.",,,,,,,,,,,,,,,,,http://cnstlltn.com/master/777f80f0-d5af-4855-8c80-aab560eaea94/1287000124_6.jpg,http://cnstlltn.com/master/72468c61-8d7b-4377-aee5-e98a84567b7d/1287000124_7.jpg,http://cnstlltn.com/master/12b14eb0-bdb3-49af-ad1d-f4ef6e969262/camping_le_paquis_%c3%a9tang.gif,3 étoiles,,,,Animaux acceptés,Accès handicapés,,,,,2011-04-09,2011-11-03,,,,,,,,,Renseignement/Information,,CAMPING LE PAQUIS,,,sylvere.lachette@tiscali.fr,03.24.37.60.37,,Direction,,LACHETTE,Sylvère,,sylvere.lachette@tiscali.fr,03.24.37.60.37,,,,,,,,,,,,,,,,,,,,,Aire de service camping car,Boulodrome,Branchements d'eau,Branchements électriques,Evacuation des eaux usées,Jeux pour enfants,Piscine,Salle de jeux,Salle de réunion,,,,,,,,,,,,Bar,Location de mobil home,,,,,,,,,,,,,,,,,,,Pêche,Plage surveillée,,,,,,,,,,,,1,,,garage mort par mois hors juillet-août,50.00,0.00,adulte supplémentaire,3.70,0.00,Branchement éléctricté,2.90,0.00,voiture supplémentaire,1.70,0.00,douche,0.00,0.00,garage mort journalier,3.50,0.00,forfait 2 personnes tout compris,13.20,0.00,emplacement pour six mois,370.00,0.00,Enfant,2.90,0.00,emplacement à l'année,595.00,0.00,nouveau,0.00,0.00,Animaux,1.30,0.00,,,,,,,,,,,,,,,,,,,,,,,,
HPACHA0080000018,Camping Les Naïades,Hôtellerie de plein air,Terrain de camping classé,,,,,,,,,,,,,2 rue de la Gare,, ,8250,CHATEL CHEHERY,FRANCE,+33 (0)3 24 30 53 44,,+33 (0)3 24 30 53 44,les.naiades@wanadoo.fr,,www.camping-les-naiades.com,,49.28254,4.962612,,,,Camping Les Naïades,,,"Camping équipé d'une piscine, étang de pêche privé, bar et petite restauration dans le camping.100 emplacements, 2 caravanes, 1 mobil-home18 chalets dont un équipé PMR. Ouvert de mi-Avril à mi-Octobre",,,,,,,,,,,,,,,,,http://cnstlltn.com/master/9c8193b7-c51e-4887-86ad-eae029f8a0bf/camping_champagne_ardenne_alarge.jpg,http://cnstlltn.com/master/3261305e-5334-4aa7-844a-bd2e263fa0b6/photo+r%c3%a9sidence+ete+1.jpg,http://cnstlltn.com/master/525cc6e1-75cf-4998-be2f-6a3d2f15af24/dscf0613.jpg,3 étoiles,Camping Qualité,,,Animaux acceptés,,,,,,,,,,,,,,,,Autres,,SCHMITT,Pierre,,,03.24.30.53.44,,,,,,,,,,,,,,français,anglais,allemand,italien,,Chèques,Espèces,,,,,,,,,Boulodrome,,Parking,Piscine,Salle de jeux,Salon,,,,,,,,,,,,,,,Bar,Commerce alimentaire,Dépôt de gaz,Dépôt de pain,Lave linge,Location caravanes,Location de chalets,Location de mobil home,Location de vélos,,,,,,,,,,,,Pêche,,,,,Vue sur rivière ou étang,Wifi,,,,,,,,,,Forfait 1 pers. 1 journée : 1 emplacement + 1 voiture + piscine + douches + pêche + ordures ménagères,9.00,12.00,Taxe de séjour (par nuit/ par pers.),0.00,0.45,Location de caravanes (4 pers.) à la semaine,150.00,360.00,Location de chalets (2 à 6 pers.) à la semaine,190.00,660.00,,,,,,,,,,,,,,,,,,,,,,,,,,,,,,,,,,,,,,,,,,,,,,,,
HPACHA0080000017,CAMPING LES RAPIDES DE PHADES,Hôtellerie de plein air,,,,,,,,,,,,,,Route de Thilay,, ,8800,MONTHERME,FRANCE,,,,,,,,49.87799,4.768579,,,,CAMPING LES RAPIDES DE PHADES,,,"Situé au confluent de la Meuse et de la Semoy, au cur de la vallée légendaire, paradis des pêcheurs et des amoureux de la nature.",,,,,,,,,,,,,,,,,,,,,,,,Animaux acceptés,Accès handicapés,,,,,,,,,,,,,,,Direction,,TONOLO,Cédric,,,03.24.35.29.68,,Renseignement/Information,,CAMPING LES RAPIDES DE PHADES,,,,06.21.54.30.43,,,,,,,,,,,,,,,,,,,,,,,,,,,,,,,,,,,,,,,,,Location de vélos,,,,,,,,,,,,,,,,,,,,,,,,,,,,,,,,,,,,nouveau,1.50,0.00,nouveau,3.50,0.00,taxe de séjour,0.20,0.00,,,,,,,,,,,,,,,,,,,,,,,,,,,,,,,,,,,,,,,,,,,,,,,,,,,
HPACHA0080000005,Camping Municipal  LE VALLAGE  - PAYOT Élise ,Hôtellerie de plein air,Terrain de camping classé,,,,,,,,68,,,,,"38, Chemin de l'Assaut",, ,8130,ATTIGNY,FRANCE,03 24 71 23 06,,,camping.levallage@orange.fr,,http://www.camping-levallage.fr/,,49.48215,4.575466,,,,Camping Municipal  Le Vallage ,"68 emplacements sur 1,3 ha",,"Ce camping de 4 hectares est situé dans un bel et calme écrin de verdure, à 5 minutes à pied du centre ville.Il propose 68 emplacements à espaces délimités, ombragés ou non, regroupés en deux catégories : Classique (herbe) ou Grand confort (sol dur)Plan d'eau- Jeux enfants - Pêche - Tennis. Volley ball - PétanqueNos amis les animaux sont acceptés mais doivent être tenus en laisse.Également, accès aux personnes à mobilité réduite et aire de service pour camping-car (Ventes de jetons au camping) Ouvert du 1er Avril au 15 Octobre 2016 Encore plus d'infos ici",,,,,,,,,,,,,,,,,http://cnstlltn.com/master/45ff8aff-034a-4c35-9df0-b15c96d7edc7/45ff8aff-034a-4c35-9df0-b15c96d7edc7_134.jpg,,,2 étoiles,,,,Animaux acceptés,Accès handicapés,,,,,,,,,,,,,,,Autres,,CAMPING LE VALLAGE,,,,03.24.71.23.06,03.24.71.94.00,Direction,,CAMPING LE VALLAGE,,,,03.24.71.23.06,03.24.71.94.00,,,,,français,anglais,,,,Carte de crédit,Chèques bancaires et postaux,Chèques Vacances,Espèces,Carte bancaire,,,,,,Aire de service camping car,Branchements d'eau,Branchements électriques,Evacuation des eaux usées,Jeux pour enfants,Parking,,,,,,,,,,,,,,,Dépôt des ordures ménagères,Lave linge,Location de vélos,Terrain fermé la nuit,,,,,,,,,,,,,,,,,Pêche,,,,,Accès Internet,Terrain ombragé,Terrain semi-ombragé,Wifi,,Y,272,1,,,,Douche / pers. (hors campeur),2.50,2.50,Visiteur (hors résidant d'Attigny),1.50,1.50,Tarif animal,1.50,1.50,Tarif électricité,4.00,4.00,Tarif 2 adultes,8.90,11.90,Tarif 1 adulte,6.20,8.70,Forfait journalier,8.90,11.90,Tarif enfant de 3 à 10 ans,2.00,2.00,Tarif adulte supplémentaire,3.00,3.20,"Forfait long séjour (emplacement, électricité, eau, garage mort)",115.00,115.00,Garage mort (pour tout séjour de -1 mois),2.50,3.90,,,,,,,,,,,,,,,,,,,,,,,,,,,
HPACHA0080000019,Camping municipal de Grandpré,Hôtellerie de plein air,,,,,,,,,,,,,,16 rue André Bastide,, ,8250,GRANDPRE,FRANCE,03 24 30 50 71,,,mairiegrandpre@wanadoo.fr,,,,49.33856,4.873057,,,,Camping Municipal,,,Proche de la rivière Aire et du village avec ses commerces.66 emplacements.,,,,,,,,,,,,,,,,,http://cnstlltn.com/master/8af876c9-e609-4ece-8a6b-8b7f47cc5747/1287000146_2.jpg,http://cnstlltn.com/master/8bb85734-9307-4f06-9181-b58a1ebf49ab/8bb85734-9307-4f06-9181-b58a1ebf49ab_134.jpg,http://cnstlltn.com/master/fbe23509-cc94-4aac-881f-cd40dfd5ab12/1287000146_1.jpg,En cours de classement,,,,Animaux acceptés,,,,,,2015-04-01,2015-09-30,,,,,,,,,Mairie,,MAIRIE DE GRANDPRE,,,mairiegrandpre@wanadoo.fr,03.24.30.52.18,03.24.30.23.78,,,,,,,,,,,,,français,,,,,,,,,,,,,,,Boulodrome,,,,,,,,,,,,,,,,,,,,,,,,,,,,,,,,,,,,,,,,,,,,,Vue sur rivière ou étang,,,,,,,,,,,Campeur Enfant de - 7 ans,0.00,1.30,Electricité 10 A,0.00,4.15,Sèchage,0.00,3.25,Garage mort (selon saison),1.85,6.15,Voiture,0.00,1.15,Electricité 6 A,0.00,3.15,Camping-car,0.00,4.05,Mobil home (pour l'année),0.00,540.00,Campeur Adulte,0.00,2.90,Lessive,0.00,4.15,Emplacement,0.00,1.85,Visiteur,0.00,2.00,Animal,0.00,1.15,,,,,,,,,,,,,,,,,,,,,
HPACHA0080000023,Camping Municipal de Haybes,Hôtellerie de plein air,Aire de camping car,,,,,,,,50,0,0,,,23 rue du 24 août,, ,8170,HAYBES,FRANCE,03 24 41 14 54,,03 24 41 86 36,com.mairiedehaybes@orange.fr,,http://www.haybes.fr,,50.01043,4.720286,,,,Camping Municipal de Haybes,,,"Situé le long de la Voie verte en bord de Meuse, à proximité de la forêt et des circuits pédestres et VTT de la Vallée de Mohron, ce camping saura vous ravir par son côté nature.",,,,"Along the Meuse and close to the green track  Trans'Ardennes  and the hiking trails of the Mohron Valley, this campsite will charm you thanks to its natural and bucolic environment.",,,,,,,,,,,,,http://cnstlltn.com/master/a0a8e1f9-fd9a-4896-b949-648e26c8365a/a0a8e1f9-fd9a-4896-b949-648e26c8365a_134.jpg,http://cnstlltn.com/master/b4c78d3d-9854-4f3e-9510-5de01aabe32a/ro010713.jpg,http://cnstlltn.com/master/a9695f8f-5d2b-4ad3-a0aa-b21e0d285f19/ro010710.jpg,2 étoiles,,,,Animaux acceptés,Accès handicapés,,,,,2016-04-18,2016-09-20,,,,,,,,,Mairie,,GRAVIER,Jean-Claude,,,03 24 41 11 36,,,,,,,,,,,,,,,,,,,Chèques,Espèces,Carte bancaire,,,,,,,,Aire de service camping car,Boulodrome,Branchements électriques,Emplacement camping car,Evacuation des eaux usées,,Jeux pour enfants,Salle de jeux,,,,,,,,,,,,,Lave linge,Location de vélos,,,,,,,,,,,,,,,,,,,Pêche,,,,,Terrain semi-ombragé,,,,,Y,,,0,0,0,Tarif adulte/jour ,2.10,2.10,Véhicule,1.00,1.00,Emplacement,3.60,3.60,Tarif branchement électrique/jour,3.10,3.10,Aire de vidange pour camping-car,2.10,2.10,Machine à laver,2.10,2.10,Tarif enfant/jour (moins de 7 ans),1.00,1.00,,,,,,,,,,,,,,,,,,,,,,,,,,,,,,,,,,,,,,,
HPACHA0080000020,Camping Municipal de la Prairie,Hôtellerie de plein air,Camp de tourisme saisonnier,,,,,,,,100,,,,Camping de Sedan,Boulevard Fabert,, ,8200,SEDAN,FRANCE,03 24 27 13 05,,03 24 22 14 78,christophe.lagnier@mairie-sedan.fr,,,,49.70102,4.938627,283722,751a,,Camping Municipal de la Prairie,Entre ville et campagne,Ouvert en saison du 15 Avril au 30 Septembre.,"Le Camping Municipal de la Prairie est situé au cur de la ville de Sedan.A proximité immédiate du centre ville et de ses nombreux commerces, impossible de passer à coté du patrimoine architectural de la ville.A deux minutes, on peut facilement aller visiter le plus Grand Château Fort dEurope, ou sauter dans les eaux surveillées du lac de Sedan.De plus, situé au bord de la Meuse, directement à coté de la halte fluviale, on a la possibilité de rejoindre très facilement la future voie verte TransArdenne.Le camping de Sedan, un accueil en toute simplicité.",Camping Municipal de la Prairie de Sedan,Camping Municipal de la Prairie is located in the heart of the city of Sedan.,Open seasonally from 15 April to 30 September.,"Close to the city centre and its many shops, impossible to miss the architectural heritage of the city.Just two minutes away, you can visit the largest fortified Castle in Europe or jump into the supervised waters of Lake Sedan.Also, located on the Meuse, directly beside the river stop, you can also easily get to the future Trans'Ardenne greenway.Camping in Sedan, hospitality in its simplest form.",,,,,,,,,,,,,http://cnstlltn.com/master/f4f5e906-f993-4a71-abb8-d0e24370f18d/camping-camping_de_sedan-sedan-%c2%a9c.lagnier-004.jpg,http://cnstlltn.com/master/2944028d-f7a2-4a3c-a99b-bfa9ab5d9229/camping-camping_de_sedan-sedan-%c2%a9c.lagnier-005.jpg,http://cnstlltn.com/master/8318ca07-2fda-43ab-aa7e-d85d07096690/camping-camping_de_sedan-sedan-%c2%a9c.lagnier-001.jpg,Non Classé,,,,Animaux acceptés,Accès handicapés,,,,,,,,,,,,,,,Propriétaire,,LAGNIER,Christophe,,,03 24 27 73 40,,Réservation Directe,,LAGNIER,Christophe,,,03 24 27 73 40,,,,,,anglais,français,,,,Chèques,Espèces,Virements,,,,,,,,Branchements d'eau,Branchements électriques,,,Jeux pour enfants,Parking,,,,,,,,,,,,,,,,,,,,,,,,,,,,,,,,,,,,,,,,Terrain semi-ombragé,Vue sur rivière ou étang,,,,Y,,,,,,Emplacement Camping Car,2.40,3.15,Emplacement Tente,2.80,2.80,Taxe de séjour,0.20,0.20,,,,,,,,,,,,,,,,,,,,,,,,,,,,,,,,,,,,,,,,,,,,,,,,,,,
HPACHA0080000021,Camping Résidence Le Banel,Hôtellerie de plein air,Camp de tourisme saisonnier,,,,,,,,100,,,,,Route du Banel,, ,8110,MATTON ET CLEMENCY,FRANCE,03 24 27 15 89,,03 24 26 55 61,contact@dubanel.com,residence-du-banel-sarl@wanadoo.fr,www.dubanel.com,,49.66558,5.20262,,,,Camping Résidence Le Banel,,,"Chers amis campeurs, Loin des bruits de la ville et du stress quotidien, le camping du banel est un oasis de repos, de calme et de détente. A la belle saison, vous profiterez des senteurs de la forêt tout en découvrant sa faune et sa flore. Le domaine du Banel allie le cadre des Ardennes françaises avec son riche passé historique de part et d'autre de la frontière ainsi qu'une infrastructure moderne et de nombreuses activités possibles. Le domaine s'étend sur une superficie de 13 ha, dont la plus grande partie est boisée. Sources, ruisseaux et étangs rafraichiront vos chaudes journées d'été. Sous les caresses du soleil d'automne et le craquement des feuilles mortes, vous prendrez plaisir à cueillir des champignons, en hiver, vous pourrez découvrir les joies du ski de fond. La vraie nature !Glenn et Wendy",Camping Résidence Le Banel,,,"Dear camper friends,Far from the hustle and bustle of the city, Banel campsite is an oasis of peace, calm and relaxation.In the summer months you can enjoy the scents of the forest and discover its flora and fauna.Banel connects the surroundings of the French Ardennes with its rich historical past on one side and modern infrastructure with many activities on the other.The estate covers 13 ha of land, the majority of which is wooded. Springs, streams and ponds will help refresh you on hot summer days.Under the blissful rays of the autumn sun and the crunch of leaves, you can enjoy picking mushrooms, while winter allows you to discover the joys of skiing.True nature!Glenn and Wendy",,,,,,,,,,,,,http://cnstlltn.com/master/784bd22e-1e38-4804-9fc1-05d1e3f394c0/restaurant-brasserie_du_banel-matton_et_cle%c2%b4mency-%c2%a9cc3c-008.jpg,http://cnstlltn.com/master/90484321-4509-49e4-88dd-8b70affb35c9/camping-residence_du_banel-matton_et_cle%c2%b4mency-%c2%a9cc3c-001.jpg,http://cnstlltn.com/master/970d302b-c296-41c9-af3d-38ec5696beb6/restaurant-brasserie_du_banel-matton_et_cle%c2%b4mency-%c2%a9cc3c-013.jpg,3 étoiles,Clef verte,,,Animaux acceptés,Accès handicapés,,,,,,,,,,,,,,,Propriétaire,,SAUW,Glenn,,,,,Réservation Directe,,SAUW,Glenn,,,,,,,,,français,,,,,Carte de crédit,Espèces,Eurocard - Mastercard,Visa,,,,,,,Branchements électriques,Jeux pour enfants,Parking,,,,,,,,,,,,,,,,,,Bar,Location de chalets,Plats cuisinés,Terrain fermé la nuit,,,,,,,,,,,,,,,,,,,,,,Terrain ombragé,Terrain semi-ombragé,Vue sur rivière ou étang,,,,,,,,,Emplacement tente,3.50,3.50,Semaine en chalet,230.00,450.00,Week-end en chalet,120.00,190.00,Emplacement Camping Car,16.00,16.00,,,,,,,,,,,,,,,,,,,,,,,,,,,,,,,,,,,,,,,,,,,,,,,,
HPACHA0080000014,Caravaning Municipal du plan d'eau - Givet,Hôtellerie de plein air,Aire de camping car,,,,,,,,138,0,0,,,16 rue Berthelot,, ,8600,GIVET,FRANCE,03 24 42 30 20,,03 24 42 02 44,ct7@mairiegivet.fr,,http://www.givet.fr,,50.14197,4.825911,,,,Caravaning Municipal du plan d'eau,,,"Ce camping municipal possédant 138 emplacements pour caravanes se situe non loin du centre-ville et des commerces. Proche du plan deau et du square de Bon-Secours, vous pourrez allier nature et vie citadine.",,,,"This camping site with its 138 sites for caravans is not very far from the town centre and the shops. Near the nautical base and the Bon Secours public garden, you will combine nature and city life.",,,,,,,,,,,,,http://cnstlltn.com/master/dc4b9891-3752-4b4c-9044-f4829cef5ade/dc4b9891-3752-4b4c-9044-f4829cef5ade_134.jpg,http://cnstlltn.com/master/dc4b9891-3752-4b4c-9044-f4829cef5ade/dc4b9891-3752-4b4c-9044-f4829cef5ade_134.jpg,,Non Classé,,,,Animaux acceptés,Accès handicapés,,,,,2015-11-11,2016-12-31,,,,,,,,,Renseignement/Information,,LEGROS,Nicole,,,,,,,,,,,,,,,,,anglais,,,,,Carte de crédit,Chèques,Chèques bancaires et postaux,Chèques Vacances,Espèces,,,,,,Aire de service camping car,Branchements d'eau,Branchements électriques,Evacuation des eaux usées,Jeux pour enfants,Parking,Parking autocar,Tennis,,,,,,,,,,,,,Lave linge,,,,,,,,,,,,,,,,,,,,,,,,,Terrain semi-ombragé,,,,,Y,25,,0,0,0,Emplacement tente ,1.10,1.10,Branchement électrique/jour,2.90,2.90,Enfant par jour (- 7 ans),0.94,0.94,Emplacement campeur,1.93,1.93,,,,,,,,,,,,,,,,,,,,,,,,,,,,,,,,,,,,,,,,,,,,,,,,
HPACHA0080000028,Domaine de la Motte Camping 5*,Hôtellerie de plein air,Terrain de camping classé,,,,,,,,100,0,0,,,Base de Loisirs de Signy Le Petit,, ,8380,SIGNY LE PETIT,FRANCE,03.24.53.54.73,,03.24.52.90.06,campingprehugon@wanadoo.fr,,http://www.domainedelamotte.eu,,49.91387,4.286385,,,,Domaine de la Motte,camping et location de chalets,Multi activités sont possible au camping,"N'hésitez pas à venir séjourner au Domaine de la Motte qui vous accueillera généreusement, grand complex touristique tout confort.De la piscine sur place à la plage aménagée de l'Etang de la Motte à 1km la nature sera présente partout autour de vous.Plus de 180 emplacements prévus soit pour l'installation de votre mobile home soit pour votre séjour en caravane ou tente. Animations en été, pot d'accueil.Ouvert toute l'année.",,,,,,,,,,,,,,,,,http://cnstlltn.com/master/b4a9f617-1b67-4e2d-9c2a-49cd066d929e/b4a9f617-1b67-4e2d-9c2a-49cd066d929e_134.jpg,http://cnstlltn.com/master/76eee9ad-8af3-4891-87ee-77f2f60fc243/76eee9ad-8af3-4891-87ee-77f2f60fc243_134.jpg,http://cnstlltn.com/master/ccd301b2-04d9-4663-ac0c-d5983957e9b0/ccd301b2-04d9-4663-ac0c-d5983957e9b0_134.jpg,5 étoiles,Camping Qualité,La Champagne-Ardenne à vélo,Les Ardennes à moto,Animaux acceptés,,,,,,,,,,,,,,,,Direction,,GARDAN,Nathalie,,campingprehugon@wanadoo.fr,03.24.53.54.73,03.24.52.90.06,Autres,,GARDAN,Nathalie,,campingprehugon@wanadoo.fr,03.24.53.54.73,03.24.52.90.06,,,,,français,anglais,,,,Bons CAF,Carte de crédit,Chèques,Chèques bancaires et postaux,Chèques Vacances,Espèces,Eurocard - Mastercard,Tickets-restaurant,Visa,Carte bancaire,Abris pour vélo ou VTT,Boulodrome,Branchements d'eau,Branchements électriques,,Emplacement camping car,Espace aquatique,Evacuation des eaux usées,,Hammam,Jacuzzi,Jeux pour enfants,Mini-golf,Parking,Parking autocar,Piscine chauffée,Piscine couverte,Salle de jeux,Salle de réunion,Salle de sport,Bar,Club Enfants,Dépôt de glace,Dépôt de pain,Dépôt des ordures ménagères,Lave linge,Location bungalow,Location de chalets,Location de mobil home,Plats cuisinés,Réservation de prestations annexes,Restaurant,Surveillance de nuit,Terrain fermé la nuit,Traiteur,,,,,,Animation,,,,,Accès Internet,Sèche linge collectif,Terrain semi-ombragé,Wifi,,Y,300,,1,100,0,Electricité,0.00,4.00,visiteur adulte,0.00,4.00,visiteur enfant,0.00,2.00,campeur enfant,0.00,2.00,campeur adulte,0.00,4.00,garage mort été,0.00,4.50,Camping car,0.00,15.00,Animaux,0.00,2.00,emplacement,0.00,6.00,véhicule,0.00,2.00,forfait caravane 2 adultes,0.00,1540.00,,,,,,,,,,,,,,,,,,,,,,,,,,,
